active_cores,burst_billions,freq_ghz
1,0,3.69851
1,2,3.68447
1,4,3.69103
1,6,3.68325
1,8,3.68961
1,10,3.68787
1,12,3.68592
1,14,3.68714
1,16,3.68748
1,18,3.68355
1,20,3.68052
1,22,3.67807
1,24,3.68149
1,26,3.67985
1,28,3.68118
1,30,3.68821
1,32,3.67559
1,34,3.68713
1,36,3.68673
1,38,3.68789
1,40,3.68877
1,42,3.68808
1,44,3.68799
1,46,3.68805
1,48,3.68717
1,50,3.68684
2,0,3.69935
2,2,3.69039
2,4,3.6907
2,6,3.68949
2,8,3.69008
2,10,3.68718
2,12,3.68722
2,14,3.68728
2,16,3.68756
2,18,3.68788
2,20,3.68879
2,22,3.6898
2,24,3.68806
2,26,3.68876
2,28,3.68831
2,30,3.68904
2,32,3.68776
2,34,3.68919
2,36,3.6891
2,38,3.68896
2,40,3.68753
2,42,3.68901
2,44,3.68823
2,46,3.68767
2,48,3.68825
2,50,3.68792
4,0,3.67604
4,2,3.69045
4,4,3.67787
4,6,3.69078
4,8,3.68833
4,10,3.68966
4,12,3.68933
4,14,3.68812
4,16,3.68131
4,18,3.68669
4,20,3.6895
4,22,3.68783
4,24,3.68642
4,26,3.67732
4,28,3.68968
4,30,3.68272
4,32,3.68954
4,34,3.68971
4,36,3.68961
4,38,3.68874
4,40,3.68994
4,42,3.68978
4,44,3.68907
4,46,3.68967
4,48,3.68992
4,50,3.68965
6,0,3.69506
6,2,3.69045
6,4,3.67423
6,6,3.69044
6,8,3.68724
6,10,3.68108
6,12,3.69005
6,14,3.66878
6,16,3.68031
6,18,3.68332
6,20,3.68099
6,22,3.68691
6,24,3.6842
6,26,3.68702
6,28,3.68368
6,30,3.68821
6,32,3.68904
6,34,3.68962
6,36,3.68981
6,38,3.69007
6,40,3.68869
6,42,3.6893
6,44,3.6895
6,46,3.69005
6,48,3.69059
6,50,3.68622
8,0,3.63624
8,2,3.68846
8,4,3.6544
8,6,3.68567
8,8,3.68078
8,10,3.66335
8,12,3.68742
8,14,3.67813
8,16,3.64638
8,18,3.66303
8,20,3.67377
8,22,3.6748
8,24,3.67875
8,26,3.67616
8,28,3.6776
8,30,3.67055
8,32,3.66889
8,34,3.68129
8,36,3.68312
8,38,3.68861
8,40,3.68751
8,42,3.6872
8,44,3.68755
8,46,3.68408
8,48,3.68574
8,50,3.68668
10,0,3.64836
10,2,3.6743
10,4,3.58375
10,6,3.67974
10,8,3.64948
10,10,3.63668
10,12,3.66113
10,14,3.65461
10,16,3.59124
10,18,3.60902
10,20,3.6096
10,22,3.61188
10,24,3.63443
10,26,3.63064
10,28,3.62591
10,30,3.63775
10,32,3.6702
10,34,3.66286
10,36,3.67034
10,38,3.66427
10,40,3.66454
10,42,3.63757
10,44,3.65882
10,46,3.6685
10,48,3.66538
10,50,3.67693
12,0,3.52239
12,2,3.62427
12,4,3.43201
12,6,3.61499
12,8,3.56191
12,10,3.54631
12,12,3.61246
12,14,3.59538
12,16,3.50116
12,18,3.51154
12,20,3.5342
12,22,3.55762
12,24,3.54094
12,26,3.561
12,28,3.55091
12,30,3.58436
12,32,3.59368
12,34,3.59403
12,36,3.59934
12,38,3.61437
12,40,3.58263
12,42,3.59553
12,44,3.5941
12,46,3.59614
12,48,3.58842
12,50,3.5651
14,0,3.61353
14,2,3.47522
14,4,3.51039
14,6,3.50066
14,8,3.4767
14,10,3.45361
14,12,3.451
14,14,3.43969
14,16,3.49331
14,18,3.49273
14,20,3.48715
14,22,3.51241
14,24,3.49981
14,26,3.49286
14,28,3.5121
14,30,3.46235
14,32,3.47369
14,34,3.49355
14,36,3.51646
14,38,3.48811
14,40,3.51562
14,42,3.48855
14,44,3.48567
14,46,3.48934
14,48,3.5019
14,50,3.49245
16,0,3.48623
16,2,3.38894
16,4,3.32983
16,6,3.37965
16,8,3.34268
16,10,3.31728
16,12,3.37128
16,14,3.38209
16,16,3.35889
16,18,3.34827
16,20,3.32533
16,22,3.37161
16,24,3.359
16,26,3.36912
16,28,3.37523
16,30,3.38392
16,32,3.37899
16,34,3.37826
16,36,3.38157
16,38,3.38579
16,40,3.38121
16,42,3.37746
16,44,3.37786
16,46,3.38408
16,48,3.3823
16,50,3.38075
18,0,3.41076
18,2,3.36548
18,4,3.32495
18,6,3.3105
18,8,3.32693
18,10,3.30884
18,12,3.33485
18,14,3.3495
18,16,3.32275
18,18,3.31555
18,20,3.2627
18,22,3.28828
18,24,3.29287
18,26,3.31383
18,28,3.35324
18,30,3.32403
18,32,3.32129
18,34,3.35527
18,36,3.35738
18,38,3.33554
18,40,3.36069
18,42,3.36472
18,44,3.33071
18,46,3.35576
18,48,3.33836
18,50,3.35637
20,0,3.27224
20,2,3.14884
20,4,3.1226
20,6,3.18244
20,8,3.15792
20,10,3.14909
20,12,3.17891
20,14,3.14084
20,16,3.14148
20,18,3.12786
20,20,3.13025
20,22,3.14706
20,24,3.17975
20,26,3.18336
20,28,3.18272
20,30,3.17033
20,32,3.16748
20,34,3.16686
20,36,3.17219
20,38,3.15773
20,40,3.16873
20,42,3.17374
20,44,3.16859
20,46,3.16904
20,48,3.17112
20,50,3.17002
22,0,3.19582
22,2,3.08254
22,4,3.05198
22,6,3.07448
22,8,3.04916
22,10,3.03421
22,12,3.08813
22,14,3.07644
22,16,3.08431
22,18,3.05612
22,20,3.05607
22,22,3.04363
22,24,3.05159
22,26,3.07634
22,28,3.05594
22,30,3.05209
22,32,3.07453
22,34,3.04227
22,36,3.07421
22,38,3.0807
22,40,3.07876
22,42,3.0644
22,44,3.06163
22,46,3.07407
22,48,3.08102
22,50,3.05668
24,0,3.06956
24,2,2.9869
24,4,2.98955
24,6,2.99065
24,8,2.99095
24,10,2.99121
24,12,2.99147
24,14,2.99078
24,16,2.99178
24,18,2.99181
24,20,2.99187
24,22,2.99183
24,24,2.99131
24,26,2.99196
24,28,2.99196
24,30,2.99196
24,32,2.99201
24,34,2.99196
24,36,2.99203
24,38,2.99207
24,40,2.99204
24,42,2.99207
24,44,2.99207
24,46,2.99213
24,48,2.99208
24,50,2.99208
26,0,3.03239
26,2,2.98679
26,4,2.98963
26,6,2.99054
26,8,2.99091
26,10,2.99117
26,12,2.9914
26,14,2.99153
26,16,2.99162
26,18,2.99171
26,20,2.99176
26,22,2.99181
26,24,2.99185
26,26,2.99191
26,28,2.99192
26,30,2.99195
26,32,2.99199
26,34,2.99198
26,36,2.992
26,38,2.99203
26,40,2.99205
26,42,2.99202
26,44,2.99206
26,46,2.99209
26,48,2.99203
26,50,2.99207
28,0,3.0218
28,2,2.987
28,4,2.9893
28,6,2.99051
28,8,2.99101
28,10,2.99113
28,12,2.99135
28,14,2.99151
28,16,2.99158
28,18,2.9917
28,20,2.99174
28,22,2.99172
28,24,2.99182
28,26,2.99185
28,28,2.99189
28,30,2.99191
28,32,2.99194
28,34,2.99192
28,36,2.992
28,38,2.99202
28,40,2.99199
28,42,2.99202
28,44,2.99204
28,46,2.99204
28,48,2.99205
28,50,2.99207
