operand,trial,mean_time_s,std_time_s,pkg_J,dram_J,cores_J,pkg_W,cores_W
0x00,0,1.171631413,0.051775945,205.279870000,6.796186000,198.483684000,175.208574725,169.407956951
0x00,1,1.154088319,0.039362676,201.996980000,6.656355000,195.340625000,175.027315268,169.259684756
0x00,2,1.146751755,0.042477330,202.550568000,6.559798000,195.990770000,176.629830420,170.909500826
0x00,3,1.175674359,0.042681690,204.545375000,6.657026000,197.888349000,173.981318474,168.319014153
0x00,4,1.172977159,0.040038139,204.149868000,6.694868000,197.455000000,174.044197293,168.336611300
0x00,5,1.175172629,0.047638388,205.921836000,6.936872000,198.984964000,175.226882348,169.324028734
0x00,6,1.166517308,0.049093365,205.855980000,6.788130000,199.067850000,176.470574901,170.651432782
0x00,7,1.171413557,0.047292357,206.126547000,6.670515000,199.456032000,175.963941752,170.269526695
0x00,8,1.172276565,0.043174488,204.241176000,6.606062000,197.635114000,174.226101724,168.590859837
0x00,9,1.176008566,0.039153839,207.528705000,6.865766000,200.662939000,176.468701844,170.630507975
0x00,10,1.176050837,0.042970971,205.581627000,6.758649000,198.822978000,174.806752024,169.059849944
0x00,11,1.164260518,0.045891704,206.224203000,6.761457000,199.462746000,177.128915613,171.321403551
0x00,12,1.167783212,0.032011971,204.754908000,6.756330000,197.998578000,175.336403133,169.550800179
0x00,13,1.178284709,0.043034314,207.902849000,6.781111000,201.121738000,176.445342395,170.690272380
0x00,14,1.175239716,0.042526041,206.441610000,6.766340000,199.675270000,175.659150445,169.901737799
0x00,15,1.170807637,0.042250030,207.100666000,6.818952000,200.281714000,176.887013294,171.062869527
0x00,16,1.182858709,0.039717775,208.816237000,7.023114000,201.793123000,176.535232335,170.597824978
0x00,17,1.181139101,0.038559521,208.156938000,6.792890000,201.364048000,176.234059058,170.482924415
0x00,18,1.181944727,0.038581453,206.451742000,6.779035000,199.672707000,174.671232321,168.935739920
0x00,19,1.174947522,0.046297599,209.290907000,7.080305000,202.210602000,178.127876443,172.101815816
0x00,20,1.169968379,0.040568717,205.777794000,6.789167000,198.988627000,175.883209982,170.080346311
0x00,21,1.157242341,0.045433136,206.871785000,6.894819000,199.976966000,178.762716970,172.804743642
0x00,22,1.179277445,0.038532370,209.137038000,6.857832000,202.279206000,177.343371496,171.528088561
0x00,23,1.186074195,0.034403986,207.580340000,6.621687000,200.958653000,175.014632980,169.431772291
0x00,24,1.178448012,0.035275071,207.969866000,6.629133000,201.340733000,176.477760523,170.852452547
0x00,25,1.174946121,0.039979872,207.006795000,6.779890000,200.226905000,176.184074529,170.413690783
0x00,26,1.176134084,0.045895669,207.726946000,6.819380000,200.907566000,176.618422090,170.820290656
0x00,27,1.178018636,0.043174404,209.996044000,7.065716000,202.930328000,178.262072997,172.264106762
0x00,28,1.189354338,0.043437813,208.336808000,6.910993000,201.425815000,175.167989387,169.357279508
0x00,29,1.176076885,0.044493039,208.586136000,6.849653000,201.736483000,177.357567976,171.533413883
0x00,30,1.174368675,0.041596368,209.231459000,6.791364000,202.440095000,178.165054459,172.382063016
0x00,31,1.159468756,0.034999365,205.344262000,6.576277000,198.767985000,177.102022802,171.430220981
0x00,32,1.178864237,0.041869732,209.209425000,6.965864000,202.243561000,177.466936720,171.557974704
0x00,33,1.185773198,0.047697514,212.378241000,7.158124000,205.220117000,179.105280343,173.068608226
0x00,34,1.176644985,0.034086793,207.197773000,6.816633000,200.381140000,176.092003693,170.298724422
0x00,35,1.175196839,0.035945241,208.510757000,6.704939000,201.805818000,177.426240437,171.720865155
0x00,36,1.182537991,0.046833338,210.522289000,6.743880000,203.778409000,178.025814479,172.322927932
0x00,37,1.177200489,0.039773182,207.698626000,6.730574000,200.968052000,176.434369531,170.716928818
0x00,38,1.182912482,0.038338913,209.488539000,6.743330000,202.745209000,177.095552033,171.394935882
0x00,39,1.175058426,0.048780663,210.450389000,6.757185000,203.693204000,179.097808608,173.347298801
0x00,40,1.170152876,0.052002757,210.383006000,6.840131000,203.542875000,179.791042939,173.945540920
0x00,41,1.166414705,0.043818636,209.212782000,6.725386000,202.487396000,179.363978468,173.598116659
0x00,42,1.187019375,0.041725451,212.362615000,6.876020000,205.486595000,178.904084794,173.111407655
0x00,43,1.178180494,0.039822523,208.927688000,6.632795000,202.294893000,177.330798672,171.701105231
0x00,44,1.159534413,0.043967683,208.971023000,6.599043000,202.371980000,180.219768071,174.528653667
0x00,45,1.175746283,0.044735692,208.478653000,6.656294000,201.822359000,177.316021377,171.654686021
0x00,46,1.174752812,0.045764789,210.085888000,6.681624000,203.404264000,178.834122254,173.146437210
0x00,47,1.182397997,0.044883028,211.342477000,6.814802000,204.527675000,178.740557393,172.977014138
0x00,48,1.164590296,0.048184473,208.928787000,6.809919000,202.118868000,179.401105946,173.553625484
0x00,49,1.185407918,0.046533557,211.540962000,6.807783000,204.733179000,178.454149649,172.711162027
0x00,50,1.167476474,0.041143553,209.332350000,6.706038000,202.626312000,179.303270406,173.559224897
0x00,51,1.170367747,0.042256825,210.151928000,6.659590000,203.492338000,179.560594123,173.870425356
0x00,52,1.182490159,0.044676595,211.235909000,6.733808000,204.502101000,178.636504895,172.941905282
0x00,53,1.182214627,0.046153894,212.198370000,6.840742000,205.357628000,179.492255586,173.705876494
0x00,54,1.175637326,0.037679412,210.478771000,6.696943000,203.781828000,179.033760165,173.337323982
0x00,55,1.179429186,0.036874985,211.064157000,6.632856000,204.431301000,178.954497177,173.330712318
0x00,56,1.175789126,0.039795637,209.900890000,6.569075000,203.331815000,178.519162468,172.932212517
0x00,57,1.170576556,0.046485139,211.595772000,6.676923000,204.918849000,180.762010778,175.058049797
0x00,58,1.173016672,0.036994516,209.814405000,6.490034000,203.324371000,178.867368275,173.334596102
0x00,59,1.181287362,0.043413153,213.716371000,6.705305000,207.011066000,180.918189582,175.241920443
0x00,60,1.169297393,0.035981183,208.348161000,6.516340000,201.831821000,178.182353141,172.609485161
0x00,61,1.153178463,0.036820463,207.680865000,6.631575000,201.049290000,180.094297366,174.343604639
0x00,62,1.157466899,0.044638348,210.291393000,6.554000000,203.737393000,181.682424942,176.020059991
0x00,63,1.178320323,0.042671997,211.981757000,6.695234000,205.286523000,179.901638617,174.219623407
0x00,64,1.173250852,0.039171826,212.561468000,6.716108000,205.845360000,181.173077895,175.448719811
0x00,65,1.179589290,0.037635598,210.446666000,6.550155000,203.896511000,178.406728280,172.853816725
0x00,66,1.165666620,0.051848549,213.881777000,6.666181000,207.215596000,183.484517290,177.765745826
0x00,67,1.185091140,0.043102125,211.550850000,6.516036000,205.034814000,178.510194508,173.011852838
0x00,68,1.184135990,0.038599773,214.183290000,6.558638000,207.624652000,180.877274060,175.338520019
0x00,69,1.183794790,0.043356231,213.520754000,6.622419000,206.898335000,180.369736254,174.775507375
0x00,70,1.165848165,0.040160360,211.331246000,6.486617000,204.844629000,181.268240850,175.704379968
0x00,71,1.177599022,0.037903385,213.033268000,6.590315000,206.442953000,180.904759644,175.308359785
0x00,72,1.185417259,0.042797212,212.830693000,6.568160000,206.262533000,179.540740915,173.999940872
0x00,73,1.174461013,0.040611251,212.237921000,6.631941000,205.605980000,180.710912187,175.064116826
0x00,74,1.174932249,0.038919678,211.982795000,6.634383000,205.348412000,180.421292503,174.774683514
0x00,75,1.171922883,0.033888350,211.335946000,6.686750000,204.649196000,180.332638794,174.626845269
0x00,76,1.175445034,0.043232292,211.663703000,6.641646000,205.022057000,180.071119311,174.420794705
0x00,77,1.158659538,0.045311129,212.948429000,6.613752000,206.334677000,183.788612642,178.080506176
0x00,78,1.185272371,0.041544505,215.193846000,6.777815000,208.416031000,181.556451687,175.838090941
0x00,79,1.181711685,0.037098109,212.961613000,6.791304000,206.170309000,180.214527588,174.467521709
0x00,80,1.176883398,0.032774128,213.300052000,6.724592000,206.575460000,181.241448768,175.527550505
0x00,81,1.179054335,0.038059212,212.003546000,6.589522000,205.414024000,179.808122206,174.219302587
0x00,82,1.168266886,0.044556056,212.727361000,6.587630000,206.139731000,182.087983155,176.449177433
0x00,83,1.188292558,0.037678101,213.348636000,6.595014000,206.753622000,179.542179729,173.992187889
0x00,84,1.176956720,0.040245238,212.387518000,6.551924000,205.835594000,180.454824130,174.887989015
0x00,85,1.190054466,0.034915886,212.547063000,6.545516000,206.001547000,178.602802765,173.102620891
0x00,86,1.178924220,0.046358998,213.355289000,6.612349000,206.742940000,180.974557460,175.365758449
0x00,87,1.181790263,0.037513350,212.719121000,6.581099000,206.138022000,179.997354518,174.428600735
0x00,88,1.191010675,0.033913742,214.013368000,6.622481000,207.390887000,179.690553986,174.130166376
0x00,89,1.185182727,0.037160864,213.197086000,6.651289000,206.545797000,179.885414341,174.273377610
0x00,90,1.171452986,0.037142322,211.917975000,6.686019000,205.231956000,180.901818139,175.194359897
0x00,91,1.166411196,0.041402261,212.222784000,6.716718000,205.506066000,181.945084794,176.186636983
0x00,92,1.194346147,0.034507256,213.500247000,6.572616000,206.927631000,178.759103865,173.255995730
0x00,93,1.160413406,0.039545228,212.345953000,6.725081000,205.620872000,182.991640614,177.196222392
0x00,94,1.187199054,0.040342185,213.532230000,6.659529000,206.872701000,179.862196854,174.252750842
0x00,95,1.174858734,0.039485089,214.027589000,6.787519000,207.240070000,182.173041641,176.395735140
0x00,96,1.175019977,0.034021438,211.121407000,6.570967000,204.550440000,179.674738371,174.082521110
0x00,97,1.180723640,0.044448022,213.990725000,6.627730000,207.362995000,181.236927791,175.623649817
0x00,98,1.186688206,0.038912340,214.598877000,6.680159000,207.918718000,180.838467843,175.209222549
0x00,99,1.177332670,0.043679900,212.487677000,6.634932000,205.852745000,180.482273578,174.846710945
0x00,100,1.173411777,0.041087362,213.689211000,6.677839000,207.011372000,182.109311630,176.418352045
0x00,101,1.163740664,0.042803056,210.773691000,6.440780000,204.332911000,181.117406523,175.582857291
0x00,102,1.166372755,0.047288392,213.442142000,6.660567000,206.781575000,182.996508761,177.286012717
0x00,103,1.181676406,0.039433781,216.370601000,6.812361000,209.558240000,183.104782224,177.339785170
0x00,104,1.177023414,0.041835904,213.190982000,6.706403000,206.484579000,181.127222635,175.429457477
0x00,105,1.161620936,0.039926000,211.156076000,6.792707000,204.363369000,181.777092241,175.929481553
0x00,106,1.184889447,0.049330859,216.901972000,7.126813000,209.775159000,183.056716785,177.041967464
0x00,107,1.158958150,0.043973546,213.080692000,6.918134000,206.162558000,183.855380727,177.886110829
0x00,108,1.155303559,0.039734137,210.761362000,6.904768000,203.856594000,182.429423268,176.452839931
0x00,109,1.157705223,0.037575936,212.773992000,6.885602000,205.888390000,183.789437720,177.841807993
0x00,110,1.159389454,0.042512313,213.656497000,7.127729000,206.528768000,184.283629890,178.135800119
0x00,111,1.180875597,0.041893249,214.471436000,6.959699000,207.511737000,181.620686021,175.727009313
0x00,112,1.163910297,0.043263108,212.897344000,7.000287000,205.897057000,182.915594523,176.901138756
0x00,113,1.164620679,0.035441534,211.730415000,7.010846000,204.719569000,181.802039736,175.782186126
0x00,114,1.154249007,0.050220837,213.633181000,7.048688000,206.584493000,185.084136748,178.977405914
0x00,115,1.174163906,0.047174771,216.421993000,7.257123000,209.164870000,184.320086745,178.139413874
0x00,116,1.169917839,0.043745561,213.395328000,6.996565000,206.398763000,182.401978031,176.421587985
0x00,117,1.179774036,0.048097214,214.719298000,6.980634000,207.738664000,182.000358873,176.083434289
0x00,118,1.185614943,0.045159964,215.484800000,6.895918000,208.588882000,181.749396258,175.933074489
0x00,119,1.174208712,0.040555611,215.883481000,7.039899000,208.843582000,183.854436456,177.858995501
0x00,120,1.170092560,0.035698048,212.285711000,6.736250000,205.549461000,181.426425797,175.669402609
0x00,121,1.147802430,0.043207402,212.510626000,6.637617000,205.873009000,185.145649157,179.362757584
0x00,122,1.172615796,0.038652155,214.620300000,6.774153000,207.846147000,183.026956262,177.249997583
0x00,123,1.185080272,0.043521982,217.928947000,6.982465000,210.946482000,183.893827460,178.001851054
0x00,124,1.184302493,0.040267536,215.097289000,6.851118000,208.246171000,181.623605674,175.838666403
0x00,125,1.168476276,0.043752427,214.514709000,6.827497000,207.687212000,183.584993093,177.741915966
0x00,126,1.174622987,0.038330436,214.968688000,6.850629000,208.118059000,183.010796060,177.178602179
0x00,127,1.176897474,0.044859015,212.938054000,6.757490000,206.180564000,180.931694294,175.189911217
0x00,128,1.169020567,0.049706806,217.482902000,7.266217000,210.216685000,186.038559206,179.822914072
0x00,129,1.172777902,0.043805293,215.821164000,6.922895000,208.898269000,184.025605955,178.122617000
0x00,130,1.173220871,0.040397241,215.201659000,6.987775000,208.213884000,183.428086134,177.472025198
0x00,131,1.163576046,0.044140422,213.932313000,6.812666000,207.119647000,183.857611819,178.002673482
0x00,132,1.165421069,0.043735916,216.043820000,7.009686000,209.034134000,185.378337352,179.363613413
0x00,133,1.185000914,0.036896909,214.487061000,7.006269000,207.480792000,181.001599567,175.089140838
0x00,134,1.175809523,0.043272521,215.723081000,6.886030000,208.837051000,183.467710312,177.611294061
0x00,135,1.176345972,0.038071337,216.356623000,6.821455000,209.535168000,183.922611315,178.123760329
0x00,136,1.171321771,0.046593854,214.090273000,6.861188000,207.229085000,182.776653156,176.919007398
0x00,137,1.158692252,0.046573384,215.413389000,6.793805000,208.619584000,185.910787523,180.047448927
0x00,138,1.179774200,0.035148593,213.633303000,6.587020000,207.046283000,181.079822809,175.496534072
0x00,139,1.174907499,0.046331954,217.215997000,6.766523000,210.449474000,184.879232772,179.120036405
0x00,140,1.170977681,0.040532816,215.732907000,6.779646000,208.953261000,184.233150253,178.443419063
0x00,141,1.171055377,0.048734275,217.736564000,6.803877000,210.932687000,185.931910859,180.121872211
0x00,142,1.178643031,0.040466198,215.285642000,6.646772000,208.638870000,182.655508358,177.016165635
0x00,143,1.177209404,0.046135266,217.921012000,6.793378000,211.127634000,185.116608203,179.345860894
0x00,144,1.175669980,0.043705865,217.003717000,6.751875000,210.251842000,184.578768485,178.835766523
0x00,145,1.168760832,0.039860367,215.096617000,6.703596000,208.393021000,184.038180522,178.302536568
0x00,146,1.186113532,0.040989745,216.130123000,6.774885000,209.355238000,182.217061968,176.505226788
0x00,147,1.168885465,0.041408076,216.496943000,6.760419000,209.736524000,185.216558470,179.432913105
0x00,148,1.179137415,0.044120446,216.330012000,6.795027000,209.534985000,183.464632112,177.701922087
0x00,149,1.170048057,0.040382022,214.320924000,6.682112000,207.638812000,183.172753225,177.461780962
0x00,150,1.162734706,0.041778221,214.875549000,6.669661000,208.205888000,184.801870943,179.065686267
0x00,151,1.157935721,0.045252156,215.165343000,6.877363000,208.287980000,185.818037269,179.878706723
0x00,152,1.183808754,0.041899359,216.435542000,6.870893000,209.564649000,182.829820544,177.025763953
0x00,153,1.168517169,0.048447472,217.907706000,6.734663000,211.173043000,186.482245870,180.718819214
0x00,154,1.181205355,0.040619810,216.904169000,6.646345000,210.257824000,183.629517083,178.002768974
0x00,155,1.170663866,0.047120463,215.492429000,6.587813000,208.904616000,184.077116622,178.449700255
0x00,156,1.177991060,0.043597109,217.553582000,6.648604000,210.904978000,184.681861677,179.037842613
0x00,157,1.186680408,0.048664590,218.273184000,6.683455000,211.589729000,183.935946423,178.303886643
0x00,158,1.175946620,0.043908863,217.237237000,6.716536000,210.520701000,184.733926908,179.022327518
0x00,159,1.177714279,0.043016910,215.989865000,6.679365000,209.310500000,183.397508891,177.726044158
0x00,160,1.169998545,0.044609454,215.226194000,6.701032000,208.525162000,183.954240724,178.226855824
0x00,161,1.170798157,0.043565168,216.405024000,6.648299000,209.756725000,184.835466961,179.157033866
0x00,162,1.171791555,0.048355714,216.970148000,6.696455000,210.273693000,185.161044346,179.446329153
0x00,163,1.180934074,0.044025402,217.692619000,6.696089000,210.996530000,184.339349564,178.669186301
0x00,164,1.178075526,0.040860506,218.298514000,6.819502000,211.479012000,185.300949865,179.512270065
0x00,165,1.185484763,0.038861930,215.442808000,6.667707000,208.775101000,181.733932607,176.109476512
0x00,166,1.171711616,0.046586223,217.952811000,6.955732000,210.997079000,186.012332725,180.075947096
0x00,167,1.187896944,0.044504777,219.043995000,7.066449000,211.977546000,184.396463121,178.447757692
0x00,168,1.174183062,0.038763992,217.121881000,6.945600000,210.176281000,184.913143439,178.997881821
0x00,169,1.175308869,0.040830147,216.954217000,6.888532000,210.065685000,184.593363295,178.732323544
0x00,170,1.151262172,0.041193950,214.498169000,7.147504000,207.350665000,186.315657977,180.107251085
0x00,171,1.163853115,0.039309667,214.009767000,6.797834000,207.211933000,183.880391963,178.039591340
0x00,172,1.154934714,0.045862427,215.817929000,6.609603000,209.208326000,186.865912353,181.142988866
0x00,173,1.163261633,0.046151898,218.337393000,6.866865000,211.470528000,187.694141054,181.791027940
0x00,174,1.182147324,0.039002226,216.309383000,6.687239000,209.622144000,182.980055538,177.323198001
0x00,175,1.166457218,0.045886415,216.041744000,6.790083000,209.251661000,185.211888249,179.390772059
0x00,176,1.176925541,0.042275648,217.138055000,6.773115000,210.364940000,184.496000374,178.741078108
0x00,177,1.180247269,0.052620904,218.740040000,6.820661000,211.919379000,185.334078442,179.555068249
0x00,178,1.177522876,0.046590485,219.586596000,6.761946000,212.824650000,186.481808998,180.739291261
0x00,179,1.184261249,0.037538606,216.327511000,6.577132000,209.750379000,182.668740732,177.114956035
0x00,180,1.160974487,0.049065362,218.375051000,6.794172000,211.580879000,188.096339220,182.244210621
0x00,181,1.170456496,0.039615431,214.800475000,6.515548000,208.284927000,183.518546602,177.951874092
0x00,182,1.177216554,0.043359007,219.142994000,6.729536000,212.413458000,186.153510387,180.437029441
0x00,183,1.183316345,0.040809848,217.303155000,6.595137000,210.708018000,183.639105455,178.065670228
0x00,184,1.178383724,0.037410101,217.557121000,6.617537000,210.939584000,184.623324714,179.007550444
0x00,185,1.188878807,0.046344640,218.814626000,6.672224000,212.142402000,184.051246253,178.439047631
0x00,186,1.171676174,0.044777578,216.724665000,6.572371000,210.152294000,184.969763741,179.360388772
0x00,187,1.164158562,0.043616384,215.527769000,6.425338000,209.102431000,185.136094018,179.616796038
0x00,188,1.181547283,0.041047825,218.460745000,6.591719000,211.869026000,184.893781285,179.314894098
0x00,189,1.163591166,0.045580221,217.506279000,6.576033000,210.930246000,186.926719111,181.275221236
0x00,190,1.177729081,0.035153473,217.011957000,6.561934000,210.450023000,184.263053777,178.691370012
0x00,191,1.161456028,0.041100269,214.586548000,6.483748000,208.102800000,184.756497752,179.174066868
0x00,192,1.162977945,0.045243560,216.132748000,6.611739000,209.521009000,185.844236229,180.159056191
0x00,193,1.168426001,0.048673449,218.207083000,6.660078000,211.547005000,186.753018785,181.052976170
0x00,194,1.168848679,0.045858157,218.984058000,6.723738000,212.260320000,187.350220790,181.597775564
0x00,195,1.160781403,0.042526750,215.532834000,6.570601000,208.962233000,185.679089565,180.018591399
0x00,196,1.159844922,0.047503010,216.665705000,6.521406000,210.144299000,186.805753830,181.183100425
0x00,197,1.170362865,0.050449302,218.041251000,6.782210000,211.259041000,186.302263558,180.507300132
0x00,198,1.167118199,0.045347349,216.446529000,6.828962000,209.617567000,185.453820500,179.602689051
0x00,199,1.175143011,0.040435471,216.523982000,6.872236000,209.651746000,184.253303679,178.405303957
0x00,200,1.152692521,0.044287995,217.313775000,6.771833000,210.541942000,188.527097286,182.652301642
0x00,201,1.165272810,0.045434756,216.892145000,6.735823000,210.156322000,186.129928647,180.349459952
0x00,202,1.159019619,0.049949515,218.364675000,6.740156000,211.624519000,188.404640796,182.589246570
0x00,203,1.166223616,0.041598180,215.187071000,6.647688000,208.539383000,184.516132276,178.815949302
0x00,204,1.146408459,0.049038821,219.283741000,6.681319000,212.602422000,191.278892972,185.450848923
0x00,205,1.179104300,0.042137145,217.504265000,6.642134000,210.862131000,184.465670193,178.832467094
0x00,206,1.164644942,0.047348612,220.336595000,6.805280000,213.531315000,189.187783350,183.344560447
0x00,207,1.157558144,0.048472927,216.880670000,6.555891000,210.324779000,187.360497697,181.696945475
0x00,208,1.168611690,0.047584701,218.157645000,6.494735000,211.662910000,186.681039396,181.123389192
0x00,209,1.163933768,0.051463570,219.259082000,6.610823000,212.648259000,188.377627617,182.697903238
0x00,210,1.169694232,0.046733329,219.445056000,6.761823000,212.683233000,187.608906598,181.828059935
0x00,211,1.164131419,0.040258836,216.808832000,6.569381000,210.239451000,186.240856059,180.597695078
0x00,212,1.171689194,0.042648068,217.030328000,6.649519000,210.380809000,185.228581987,179.553425954
0x00,213,1.154967176,0.042513389,218.626943000,6.679426000,211.947517000,189.292776051,183.509558884
0x00,214,1.182130746,0.042019295,219.886522000,6.931135000,212.955387000,186.008631259,180.145375419
0x00,215,1.157862680,0.034622035,215.690121000,6.846906000,208.843215000,186.282989108,180.369588392
0x00,216,1.159666672,0.037794523,215.476499000,6.745955000,208.730544000,185.808995098,179.991845083
0x00,217,1.168045552,0.049653794,221.125838000,6.908796000,214.217042000,189.312683517,183.397849129
0x00,218,1.178787908,0.040829079,217.866081000,6.907453000,210.958628000,184.822120617,178.962327731
0x00,219,1.168468960,0.046489442,220.821639000,6.898786000,213.922853000,188.983744095,183.079619780
0x00,220,1.182376793,0.049456591,220.639145000,6.874678000,213.764467000,186.606457682,180.792170696
0x00,221,1.161257268,0.039035979,217.603508000,6.760298000,210.843210000,187.386132258,181.564598833
0x00,222,1.183914084,0.041534226,220.628585000,6.960004000,213.668581000,186.355232981,180.476424635
0x00,223,1.178295167,0.044595580,218.739492000,6.789655000,211.949837000,185.640659584,179.878389493
0x00,224,1.179151049,0.043344005,219.266529000,6.833784000,212.432745000,185.952876136,180.157364183
0x00,225,1.184717296,0.038900869,219.706774000,6.934919000,212.771855000,185.450803098,179.597154279
0x00,226,1.176856030,0.041079395,219.199085000,6.954938000,212.244147000,186.258199309,180.348438197
0x00,227,1.188980758,0.040207104,219.526232000,6.758650000,212.767582000,184.633965293,178.949558750
0x00,228,1.166390371,0.043608842,219.387988000,6.730208000,212.657780000,188.091391643,182.321275420
0x00,229,1.176460931,0.033023337,216.203120000,6.792646000,209.410474000,183.774160515,178.000364021
0x00,230,1.159309490,0.047529253,218.535634000,6.763715000,211.771919000,188.504998706,182.670736970
0x00,231,1.164378453,0.038182558,216.194820000,6.696394000,209.498426000,185.674012983,179.922967022
0x00,232,1.168276082,0.043487890,216.829645000,6.779036000,210.050609000,185.597949207,179.795351600
0x00,233,1.174756392,0.034920653,217.222650000,6.771711000,210.450939000,184.908676867,179.144323467
0x00,234,1.168602566,0.045358957,219.921861000,6.682966000,213.238895000,188.192177106,182.473409925
0x00,235,1.186166397,0.035086542,217.124383000,6.571821000,210.552562000,183.047153831,177.506766736
0x00,236,1.158230204,0.043392390,218.334524000,6.636092000,211.698432000,188.507019871,182.777509469
0x00,237,1.181794402,0.036270286,218.777516000,6.810225000,211.967291000,185.123161594,179.360547564
0x00,238,1.179440273,0.043587916,219.445606000,6.986676000,212.458930000,186.059108729,180.135386977
0x00,239,1.170936584,0.037382772,216.767328000,6.797102000,209.970226000,185.123029624,179.318187508
0x00,240,1.175273371,0.040181358,217.402703000,6.923566000,210.479137000,184.980540095,179.089514085
0x00,241,1.172988815,0.050593959,220.217942000,6.901715000,213.316227000,187.740871232,181.857000121
0x00,242,1.179924845,0.043527563,218.226980000,6.786238000,211.440742000,184.949898217,179.198482754
0x00,243,1.177914738,0.053749233,217.644219000,6.848066000,210.796153000,184.770775047,178.957055444
0x00,244,1.165353480,0.050753592,219.171314000,6.816938000,212.354376000,188.072818924,182.223144883
0x00,245,1.174976362,0.045477874,218.525564000,6.785566000,211.739998000,185.982944957,180.207878989
0x00,246,1.172272682,0.043527223,217.248834000,6.719160000,210.529674000,185.322781377,179.591043274
0x00,247,1.166811145,0.050332753,217.948050000,6.738996000,211.209054000,186.789482577,181.013915529
0x00,248,1.176218887,0.046337964,217.925345000,6.893720000,211.031625000,185.276182301,179.415266383
0x00,249,1.167932641,0.043168327,218.646046000,6.914594000,211.731452000,187.207753488,181.287382950
0x00,250,1.174603486,0.040655910,215.915707000,6.641462000,209.274245000,183.820080150,178.165864002
0x00,251,1.149944718,0.054954746,218.657521000,6.771772000,211.885749000,190.146115360,184.257334887
0x00,252,1.184787548,0.045771969,222.023663000,6.935590000,215.088073000,187.395338038,181.541469963
0x00,253,1.181478922,0.036941744,217.893974000,6.701704000,211.192270000,184.424766172,178.752465234
0x00,254,1.173545008,0.049603127,220.523727000,6.949934000,213.573793000,187.912458017,181.990287198
0x00,255,1.179299980,0.039253114,218.690968000,6.805586000,211.885382000,185.441339508,179.670470252
0x00,256,1.163116785,0.044233620,218.208975000,6.804182000,211.404793000,187.607106946,181.757150957
0x00,257,1.180219757,0.043485531,218.489248000,6.949811000,211.539437000,185.125902707,179.237329028
0x00,258,1.174545858,0.046348422,224.749973000,7.201642000,217.548331000,191.350530403,185.219103564
0x00,259,1.183019277,0.033098710,217.738273000,6.900556000,210.837717000,184.053022014,178.220018161
0x00,260,1.164595678,0.048481478,219.010181000,6.922834000,212.087347000,188.056838166,182.112428334
0x00,261,1.188624354,0.044986345,221.147627000,6.936811000,214.210816000,186.053420720,180.217421334
0x00,262,1.190177763,0.038685511,220.448533000,6.976606000,213.471927000,185.223199346,179.361380869
0x00,263,1.168905587,0.040779693,218.783986000,6.823224000,211.960762000,187.169937760,181.332662214
0x00,264,1.185985615,0.032103034,217.571343000,6.780988000,210.790355000,183.451924022,177.734326851
0x00,265,1.147124326,0.048990026,220.189500000,6.993146000,213.196354000,191.949115681,185.852874986
0x00,266,1.181421338,0.041620416,219.125293000,6.853192000,212.272101000,185.475990655,179.675188028
0x00,267,1.156519352,0.037607978,217.112787000,6.937543000,210.175244000,187.729489090,181.730849300
0x00,268,1.170657621,0.034268646,217.436028000,6.870649000,210.565379000,185.738361174,179.869310413
0x00,269,1.168906893,0.049497146,221.292341000,7.156537000,214.135804000,189.315626779,183.193208436
0x00,270,1.189370542,0.056347198,220.983626000,6.938092000,214.045534000,185.798805500,179.965390466
0x00,271,1.166095962,0.038921349,216.532283000,6.801130000,209.731153000,185.689934719,179.857541654
0x00,272,1.165348857,0.043319977,217.458488000,6.847211000,210.611277000,186.603768254,180.728093377
0x00,273,1.149267464,0.037629044,215.798337000,6.667158000,209.131179000,187.770335220,181.969111216
0x00,274,1.190314694,0.043650805,221.176558000,6.946516000,214.230042000,185.813515659,179.977650542
0x00,275,1.169806699,0.041669318,218.340383000,6.758162000,211.582221000,186.646548614,180.869387307
0x00,276,1.178616727,0.046196101,222.350872000,6.980390000,215.370482000,188.654095019,182.731567500
0x00,277,1.182651352,0.040424586,218.633168000,6.808211000,211.824957000,184.866966603,179.110231122
0x00,278,1.178094299,0.044910103,220.995589000,6.838483000,214.157106000,187.587351257,181.782652085
0x00,279,1.167533584,0.050154730,218.305472000,6.745344000,211.560128000,186.980036307,181.202605928
0x00,280,1.165127161,0.046579907,218.854054000,6.821089000,212.032965000,187.837054460,181.982681454
0x00,281,1.172710405,0.044840789,218.805958000,6.746565000,212.059393000,186.581407527,180.828439897
0x00,282,1.178191437,0.044103353,219.167224000,6.722700000,212.444524000,186.020044856,180.314096071
0x00,283,1.172647830,0.040209945,218.024588000,6.655135000,211.369453000,185.925034333,180.249728558
0x00,284,1.187927923,0.040235474,220.260972000,6.741987000,213.518985000,185.416107893,179.740690330
0x00,285,1.168181034,0.042761125,217.719963000,6.605574000,211.114389000,186.375190748,180.720609986
0x00,286,1.174068209,0.044845950,219.122913000,6.722395000,212.400518000,186.635590074,180.909862260
0x00,287,1.166606465,0.040012717,218.027457000,6.653242000,211.374215000,186.890321162,181.187248020
0x00,288,1.173674440,0.046023338,219.828844000,6.846052000,212.982792000,187.299677390,181.466669730
0x00,289,1.171189846,0.047202422,219.678759000,6.842756000,212.836003000,187.568872667,181.726304935
0x00,290,1.180460927,0.045092634,218.623708000,6.684431000,211.939277000,185.201985891,179.539425746
0x00,291,1.173522871,0.043587482,218.921132000,6.576033000,212.345099000,186.550375242,180.946706868
0x00,292,1.185977334,0.034310263,218.519277000,6.574019000,211.945258000,184.252490174,178.709366529
0x00,293,1.171615879,0.040920366,218.560109000,6.570295000,211.989814000,186.545874705,180.937982975
0x00,294,1.169406214,0.047640786,219.777758000,6.646590000,213.131168000,187.939618736,182.255888035
0x00,295,1.168929303,0.046012214,220.157579000,6.927167000,213.230412000,188.341226884,182.415148220
0x00,296,1.184155775,0.043101523,219.779772000,6.865339000,212.914433000,185.600388620,179.802723190
0x00,297,1.169757462,0.044251360,217.529656000,6.676191000,210.853465000,185.961332213,180.254002945
0x00,298,1.169247335,0.038293467,219.933824000,6.755781000,213.178043000,188.098631803,182.320743074
0x00,299,1.181429966,0.036806571,218.093436000,6.666792000,211.426644000,184.601239477,178.958254117
