kernel,freq_mhz_label,operand,trial,mean_time_s,std_time_s,pkg_J,dram_J,cores_J,pkg_W,cores_W
avx512_fma,1780,0xAA,0,0.826003162,0.000210933,91.651438000,5.719163000,85.932275000,110.957732572,104.033832930
avx512_fma,1780,0xAA,1,0.825997207,0.000141706,91.367869000,5.707993000,85.659876000,110.615227512,103.704800999
avx512_fma,1780,0xAA,2,0.825968959,0.000114865,91.584117000,5.714646000,85.869471000,110.880821917,103.962104281
avx512_fma,1780,0xAA,3,0.825980823,0.000247199,91.655099000,5.719711000,85.935388000,110.965165844,104.040415485
avx512_fma,1780,0xAA,4,0.825938536,0.000037372,91.375804000,5.706101000,85.669703000,110.632692454,103.724065778
avx512_fma,1780,0xAA,5,0.825966138,0.000202377,91.659983000,5.714524000,85.945459000,110.973051846,104.054458286
avx512_fma,1780,0xAA,6,0.825953194,0.000132368,91.650583000,5.712876000,85.937707000,110.963410156,104.046703442
avx512_fma,1780,0xAA,7,0.825957135,0.000111503,91.511912000,5.711961000,85.799951000,110.794989341,103.879423440
avx512_fma,1780,0xAA,8,0.825970617,0.000360250,91.510996000,5.715745000,85.795251000,110.792071864,103.872037568
avx512_fma,1780,0xAA,9,0.825990141,0.000219781,91.509531000,5.713609000,85.795922000,110.787679486,103.870394744
avx512_fma,1780,0xAA,10,0.825919297,0.000034801,91.471201000,5.703965000,85.767236000,110.750773487,103.844572094
avx512_fma,1780,0xAA,11,0.825953935,0.000135788,91.391368000,5.712937000,85.678431000,110.649473486,103.732699124
avx512_fma,1780,0xAA,12,0.825965097,0.000108146,91.528574000,5.711289000,85.817285000,110.814094184,103.899408534
avx512_fma,1780,0xAA,13,0.825975763,0.000246797,91.577952000,5.706223000,85.871729000,110.872444508,103.963981509
avx512_fma,1780,0xAA,14,0.825997235,0.000278256,91.582469000,5.720261000,85.862208000,110.875030965,103.949752335
avx512_fma,1780,0xAA,15,0.825961285,0.000137536,91.419993000,5.704209000,85.715784000,110.683145454,103.776999723
avx512_fma,1780,0xAA,16,0.825945220,0.000036010,91.468150000,5.699327000,85.768823000,110.743603543,103.843234292
avx512_fma,1780,0xAA,17,0.825946387,0.000112782,91.521006000,5.705552000,85.815454000,110.807441487,103.899545179
avx512_fma,1780,0xAA,18,0.826032585,0.000416954,91.582225000,5.728989000,85.853236000,110.869990660,103.934442229
avx512_fma,1780,0xAA,19,0.826006049,0.000293817,91.599008000,5.713853000,85.885155000,110.893870667,103.976423749
