operand,trial,time_s,pkg_J,dram_J,cores_J,pkg_W,cores_W
0x00,0,1.221307322,60.656616211,20.865966797,39.790649414,49.665317745,32.580374077
0xAA,0,1.221469531,60.562622070,19.196105957,41.366516113,49.581770591,33.866187460
0x00,1,1.270984640,63.033447266,19.293090820,43.740356445,49.594184919,34.414543708
0xAA,1,1.221449931,60.593383789,17.628845215,42.964538574,49.607750798,35.175030498
0x00,2,1.221460165,60.578308105,17.764343262,42.813964844,49.594992814,35.051462234
0xAA,2,1.221431357,60.568237305,17.668212891,42.900024414,49.587917452,35.122746905
0x00,3,1.225448611,60.791687012,17.348815918,43.442871094,49.607699961,35.450585772
0xAA,3,1.271193339,63.046569824,18.145568848,44.901000977,49.596365785,35.321929087
0x00,4,1.221233471,60.598144531,20.250732422,40.347412109,49.620441930,33.038246222
0xAA,4,1.221474049,60.670959473,19.702636719,40.968322754,49.670281184,33.540068074
0x00,5,1.221513824,60.605468750,18.562011719,42.043457031,49.615049424,34.419141401
0xAA,5,1.271043627,63.211730957,20.989929199,42.221801758,49.732148932,33.218216008
0x00,6,1.221449449,60.617187500,20.640502930,39.976684570,49.627258459,32.728889929
0xAA,6,1.221465848,60.644042969,19.155822754,41.488220215,49.648578442,33.965927318
0x00,7,1.225458718,60.737915039,18.433593750,42.304321289,49.563411763,34.521212888
0xAA,7,1.271282560,63.080444336,19.802001953,43.278442383,49.619530953,34.043133875
0x00,8,1.221281959,60.556030273,18.737304688,41.818725586,49.583988224,34.241663260
0xAA,8,1.221450021,60.627380371,19.063171387,41.564208984,49.635580113,34.028579369
0x00,9,1.221447089,60.543395996,18.560302734,41.983093262,49.566941165,34.371602045
0xAA,9,1.271060960,63.068054199,19.280822754,43.787231445,49.618433878,34.449355950
0x00,10,1.221422768,60.556213379,18.006225586,42.549987793,49.578421956,34.836412836
0xAA,10,1.221421105,60.588989258,17.633483887,42.955505371,49.605323676,35.168464992
0x00,11,1.225391065,60.729309082,16.930603027,43.798706055,49.559125096,35.742635397
0xAA,11,1.221506355,60.537475586,17.345581055,43.191894531,49.559689426,35.359533214
0x00,12,1.270997665,63.016418457,17.809997559,45.206420898,49.580278699,35.567666364
0xAA,12,1.221400742,60.587829590,17.073547363,43.514282227,49.605201230,35.626539865
0x00,13,1.221423764,60.534545898,16.614440918,43.920104980,49.560642000,35.958122214
0xAA,13,1.221379925,60.541687012,16.688232422,43.853454590,49.568267639,35.904843114
0x00,14,1.270962282,63.040405273,17.441162109,45.599243164,49.600531948,35.877731236
0xAA,14,1.225463926,60.783996582,16.830139160,43.953857422,49.600804473,35.867116518
0x00,15,1.221376137,60.533569336,16.100463867,44.433105469,49.561775036,36.379542815
0xAA,15,1.221229328,60.539855957,16.734619141,43.805236816,49.572880841,35.869787772
0x00,16,1.271216277,63.024169922,17.210449219,45.813720703,49.577850018,36.039281067
0xAA,16,1.221447701,60.582336426,17.369812012,43.212524414,49.598796884,35.378120880
0x00,17,1.221561122,60.593078613,17.601501465,42.991577148,49.602985493,35.193963179
0xAA,17,1.221396153,60.539978027,16.791687012,43.748291016,49.566209848,35.818264949
0x00,18,1.221405532,60.598449707,17.417785645,43.180664062,49.613701690,35.353257318
0xAA,18,1.275002325,63.179077148,17.865051270,45.314025879,49.552127012,35.540347645
0x00,19,1.221440623,60.584167480,16.582641602,44.001525879,49.600583393,36.024285627
0xAA,19,1.221256920,60.544921875,17.049255371,43.495666504,49.575908954,35.615492360
0x00,20,1.221653556,60.580444336,16.769470215,43.810974121,49.588890433,35.862028073
0xAA,20,1.270944656,62.972045898,17.396484375,45.575561523,49.547433558,35.859595702
0x00,21,1.221395910,60.588256836,16.557922363,44.030334473,49.605747276,36.049191022
0xAA,21,1.221402716,60.531738281,16.346801758,44.184936523,49.559197379,36.175567603
0x00,22,1.221455760,60.544677734,16.645751953,43.898925781,49.567638647,35.939840982
0xAA,22,1.274971864,63.258361816,17.354797363,45.903564453,49.615496312,36.003590157
0x00,23,1.221527793,60.588195801,16.519042969,44.069152832,49.600341595,36.077077480
0xAA,23,1.221378033,60.545593262,16.918334961,43.627258301,49.571542656,35.719701126
0x00,24,1.221849636,60.631713867,17.483032227,43.148681641,49.622893096,35.314232103
0xAA,24,1.271213002,63.053344727,18.314941406,44.738403320,49.600928111,35.193475248
0x00,25,1.221601139,60.595458984,17.345581055,43.249877930,49.603309173,35.404254751
0xAA,25,1.221596360,60.539855957,16.833679199,43.706176758,49.557986533,35.777919932
0x00,26,1.221665117,60.688842773,18.957275391,41.731567383,49.677151233,34.159580070
0xAA,26,1.225493188,60.788818359,20.401489258,40.387329102,49.603554679,32.955980088
0x00,27,1.271342735,63.036376953,19.557373047,43.479003906,49.582520290,34.199278219
0xAA,27,1.221285356,60.528930664,17.522460938,43.006469727,49.561660890,35.214104153
0x00,28,1.221695352,60.590698242,17.566467285,43.024230957,49.595587102,35.216824625
0xAA,28,1.221446487,60.536621094,17.612365723,42.924255371,49.561418972,35.142149761
0x00,29,1.270950256,63.025451660,17.758666992,45.266784668,49.589235584,35.616488100
0xAA,29,1.221507030,60.631469727,18.894348145,41.737121582,49.636611364,34.168547996
0x00,30,1.221803965,60.718627930,21.078125000,39.640502930,49.695883848,32.444241519
0xAA,30,1.225622403,60.899108887,21.043762207,39.855346680,49.688312434,32.518454772
0x00,31,1.271614660,63.327087402,24.094604492,39.232482910,49.800532657,30.852493404
0xAA,31,1.221635472,60.876831055,22.607543945,38.269287109,49.832239199,31.326273661
0x00,32,1.221842479,60.692138672,21.443115234,39.249023438,49.672637607,32.122817885
0xAA,32,1.221995229,60.691589355,20.903747559,39.787841797,49.665978979,32.559735793
0x00,33,1.221845480,60.629333496,20.124755859,40.504577637,49.621113708,33.150327353
0xAA,33,1.271278633,63.089111328,20.396850586,42.692260742,49.626501768,33.582142918
0x00,34,1.221448302,60.594787598,19.406372070,41.188415527,49.608966256,33.720965071
0xAA,34,1.225239765,60.793640137,18.529418945,42.264221191,49.617749826,34.494653535
0x00,35,1.221446879,60.646423340,18.968078613,41.678344727,49.651298294,34.122109969
0xAA,35,1.270976168,63.041137695,18.317321777,44.723815918,49.600566307,35.188555886
0x00,36,1.221465246,60.713500977,20.606384277,40.107116699,49.705467409,32.835249984
0xAA,36,1.221703480,60.648010254,18.975280762,41.672729492,49.642168699,34.110346884
0x00,37,1.221430461,60.581787109,19.802062988,40.779724121,49.599047219,33.386856987
0xAA,37,1.271008711,63.171691895,20.741821289,42.429870605,49.702013328,33.382832264
0x00,38,1.221444462,60.552917480,18.633605957,41.919311523,49.574843036,34.319457681
0xAA,38,1.225236829,60.756896973,17.952575684,42.804321289,49.587880102,34.935549011
0x00,39,1.221486477,60.584045410,17.574707031,43.009338379,49.598621475,35.210654550
0xAA,39,1.271003898,63.070068359,18.938720703,44.131347656,49.622246209,34.721646193
0x00,40,1.221420937,60.539489746,17.346374512,43.193115234,49.564804329,35.363005436
0xAA,40,1.221453842,60.540283203,17.487792969,43.052490234,49.564118693,35.246923587
0x00,41,1.221393727,60.631286621,18.385253906,42.246032715,49.641066006,34.588381929
0xAA,41,1.221193927,60.572998047,17.957153320,42.615844727,49.601456990,34.896869190
0x00,42,1.271173189,63.026794434,18.643066406,44.383728027,49.581595159,34.915563364
0xAA,42,1.225254098,60.784118652,18.143920898,42.640197754,49.609398370,34.801106010
0x00,43,1.221454554,60.559020996,17.850158691,42.708862305,49.579430358,34.965576218
0xAA,43,1.221460635,60.684326172,20.307739258,40.376586914,49.681769869,33.055987035
0x00,44,1.271056380,63.073730469,20.001953125,43.071777344,49.623078458,33.886598597
0xAA,44,1.221621752,60.565002441,18.944213867,41.620788574,49.577540955,34.070110905
0x00,45,1.221536229,60.597839355,18.131652832,42.466186523,49.607893664,34.764573915
0xAA,45,1.221221654,60.542968750,17.155395508,43.387573242,49.575741268,35.528008450
0x00,46,1.275157770,63.248840332,18.322143555,44.926696777,49.600795933,35.232265241
0xAA,46,1.221231107,60.567321777,17.304809570,43.262512207,49.595298900,35.425327736
0x00,47,1.221440120,60.579895020,17.886718750,42.693176270,49.597105931,34.953147167
0xAA,47,1.221392343,60.615051270,17.454772949,43.160278320,49.627829761,35.336948498
0x00,48,1.221428417,60.563415527,18.248046875,42.315368652,49.584089157,34.644165850
0xAA,48,1.271060461,63.145202637,21.884277344,41.260925293,49.679149477,32.461811660
0x00,49,1.221677911,60.626525879,19.451782227,41.174743652,49.625621723,33.703436300
0xAA,49,1.221212437,60.586181641,18.941162109,41.645019531,49.611500673,34.101371939
0x00,50,1.221376473,60.591918945,18.002746582,42.589172363,49.609535049,34.869815577
0xAA,50,1.274982753,63.258361816,18.433959961,44.824401855,49.615072571,35.156869181
0x00,51,1.221513027,60.539733887,17.766174316,42.773559570,49.561267501,35.016867299
0xAA,51,1.221417092,60.583251953,16.716735840,43.866516113,49.600789403,35.914444296
0x00,52,1.221393262,60.538085938,16.846435547,43.691650391,49.564778046,35.771975947
0xAA,52,1.270988227,63.026123047,17.561767578,45.464355469,49.588282337,35.770870652
0x00,53,1.221649657,60.536865234,17.225097656,43.311767578,49.553376361,35.453509384
0xAA,53,1.221246836,60.621948242,16.737731934,43.884216309,49.639390216,35.933944732
0x00,54,1.221426442,60.553100586,16.370178223,44.182922363,49.575724337,36.173215876
0xAA,54,1.274989626,63.266113281,17.801757812,45.464355469,49.620884744,35.658608150
0x00,55,1.221428999,60.537902832,16.707946777,43.829956055,49.563177951,35.884161986
0xAA,55,1.221392607,60.588317871,16.124328613,44.463989258,49.605931397,36.404337969
0x00,56,1.221408494,60.551513672,16.404907227,44.146606445,49.575153578,36.144014605
0xAA,56,1.221195292,60.547485352,16.315795898,44.231689453,49.580509971,36.219996706
0x00,57,1.271359927,63.034118652,17.004821777,46.029296875,49.580073521,36.204772463
0xAA,57,1.221205695,60.542419434,16.198913574,44.343505859,49.575939321,36.311250464
0x00,58,1.221612201,60.598754883,16.971069336,43.627685547,49.605557994,35.713203839
0xAA,58,1.225391147,60.748657227,16.382080078,44.366577148,49.574911142,36.206053273
0x00,59,1.270927641,63.027282715,17.046813965,45.980468750,49.591558702,36.178667665
0xAA,59,1.221356942,60.534606934,15.927734375,44.606872559,49.563403500,36.522388357
0x00,60,1.221395404,60.587585449,16.142639160,44.444946289,49.605218139,36.388663445
0xAA,60,1.221188585,60.530822754,15.990661621,44.540161133,49.567137703,36.472795177
0x00,61,1.271374346,63.034240723,16.964721680,46.069519043,49.579607234,36.235998617
0xAA,61,1.221195987,60.538818359,15.992309570,44.546508789,49.573384620,36.477772007
0x00,62,1.225362389,60.738891602,15.812500000,44.926391602,49.568105033,36.663759231
0xAA,62,1.221374605,60.594482422,15.882629395,44.711853027,49.611709768,36.607812905
0x00,63,1.270920009,63.007568359,16.829650879,46.177917480,49.576344627,36.334243818
0xAA,63,1.221380633,60.584045410,15.919372559,44.664672852,49.602919658,36.569003671
0x00,64,1.221370299,60.543212891,15.850280762,44.692932129,49.569907619,36.592450435
0xAA,64,1.221235788,60.545288086,16.152160645,44.393127441,49.577066674,36.350987973
0x00,65,1.221376625,60.628417969,16.318481445,44.309936523,49.639412387,36.278683918
0xAA,65,1.271269428,63.114196777,18.827880859,44.286315918,49.646593702,34.836294292
0x00,66,1.225427213,60.765197754,17.248596191,43.516601562,49.586949848,35.511371953
0xAA,66,1.221391591,60.544006348,16.685607910,43.858398438,49.569693122,35.908547890
0x00,67,1.221397113,60.607727051,17.000244141,43.607482910,49.621639355,35.702952337
0xAA,67,1.270891366,62.984985352,17.252502441,45.732482910,49.559692541,35.984572823
0x00,68,1.221405807,60.595947266,16.678833008,43.917114258,49.611641699,35.956202276
0xAA,68,1.221238683,60.552856445,16.813537598,43.739318848,49.583146430,35.815536681
0x00,69,1.221419199,60.550781250,16.668334961,43.882446289,49.574119434,35.927424692
0xAA,69,1.271222749,63.033691406,17.238098145,45.795593262,49.585087630,36.024837738
0x00,70,1.225508625,60.811096191,16.674865723,44.136230469,49.621108290,36.014622475
0xAA,70,1.221376764,60.533447266,16.173645020,44.359802246,49.561649648,36.319507259
0x00,71,1.221457324,60.556457520,16.627502441,43.928955078,49.577219220,35.964379774
0xAA,71,1.221526549,60.589599609,16.650756836,43.938842773,49.601541333,35.970436180
0x00,72,1.270998955,63.030456543,17.174865723,45.855590820,49.591273301,36.078385934
0xAA,72,1.221195598,60.541564941,15.959960938,44.581604004,49.575649503,36.506522032
0x00,73,1.221454594,60.551757812,16.875122070,43.676635742,49.573482395,35.757887323
0xAA,73,1.221706182,60.698608398,19.821472168,40.877136230,49.683474875,33.459056550
0x00,74,1.274989530,63.240722656,19.231811523,44.008911133,49.600974101,34.517076491
0xAA,74,1.221557077,60.538330078,17.830383301,42.707946777,49.558331099,34.961892147
0x00,75,1.221396265,60.606750488,17.236938477,43.369812012,49.620874261,35.508387617
0xAA,75,1.221409685,60.550048828,17.109436035,43.440612793,49.573905932,35.565963924
0x00,76,1.270983426,63.039855957,17.507873535,45.531982422,49.599274599,35.824214140
0xAA,76,1.221204334,60.548889160,16.612121582,43.936767578,49.581292397,35.978227685
0x00,77,1.221375615,60.561523438,16.677673340,43.883850098,49.584683609,35.929856105
0xAA,77,1.221644870,60.633178711,17.264587402,43.368591309,49.632409712,35.500162423
0x00,78,1.274984597,63.257629395,17.653320312,45.604309082,49.614426357,35.768517666
0xAA,78,1.221422513,60.551330566,16.718994141,43.832336426,49.574434663,35.886301390
0x00,79,1.221421150,60.567321777,17.045104980,43.522216797,49.587582283,35.632440782
0xAA,79,1.221438627,60.593017578,16.511840820,44.081176758,49.607910081,36.089555204
0x00,80,1.221207537,60.542236328,16.354431152,44.187805176,49.575714605,36.183698378
0xAA,80,1.270990651,63.029357910,17.257324219,45.772033691,49.590732914,36.012879918
0x00,81,1.221432097,60.533081055,16.469055176,44.064025879,49.559104598,36.075706531
0xAA,81,1.221442909,60.547912598,16.381958008,44.165954590,49.570808551,36.158836622
0x00,82,1.225689986,60.782165527,16.273315430,44.508850098,49.590162457,36.313301574
0xAA,82,1.270963446,63.025207520,16.685913086,46.339294434,49.588528858,36.459974187
0x00,83,1.221407701,60.554321289,16.413513184,44.140808105,49.577484438,36.139290811
0xAA,83,1.221435129,60.586547852,16.497924805,44.088623047,49.602755327,36.095754903
0x00,84,1.221222773,60.537658691,16.101562500,44.436096191,49.571347693,36.386560400
0xAA,84,1.270999242,62.987915039,16.849731445,46.138183594,49.557791191,36.300716845
0x00,85,1.221388924,60.590026855,16.027648926,44.562377930,49.607480193,36.485002487
0xAA,85,1.221426033,60.547607422,16.095397949,44.452209473,49.571243601,36.393697426
0x00,86,1.225661022,60.781677246,16.074707031,44.706970215,49.590935956,36.475803189
0xAA,86,1.221387552,60.538024902,16.017883301,44.520141602,49.564959790,36.450462860
0x00,87,1.271014884,63.044067383,16.977661133,46.066406250,49.601360438,36.243797638
0xAA,87,1.221561125,60.534118652,16.342712402,44.191406250,49.554719296,36.176172723
0x00,88,1.221224985,60.582702637,16.011352539,44.571350098,49.608142137,36.497247145
0xAA,88,1.221404803,60.552246094,16.085937500,44.466308594,49.575903046,36.405873372
0x00,89,1.270988182,63.032714844,16.650146484,46.382568359,49.593470448,36.493312067
0xAA,89,1.225434019,60.786376953,17.199401855,43.586975098,49.603957464,35.568602162
0x00,90,1.221641429,60.600158691,17.157104492,43.443054199,49.605520288,35.561215565
0xAA,90,1.221392597,60.562133789,16.672485352,43.889648438,49.584493911,35.934103863
0x00,91,1.271024480,63.067138672,17.912841797,45.154296875,49.619137683,35.525906531
0xAA,91,1.221427356,60.541076660,16.774291992,43.766784668,49.565843079,35.832490940
0x00,92,1.221240046,60.533996582,16.376831055,44.157165527,49.567647884,36.157646215
0xAA,92,1.221422491,60.604309082,16.680664062,43.923645020,49.617809995,35.961057982
0x00,93,1.270961921,62.982604980,17.179443359,45.803161621,49.555068441,36.038185617
0xAA,93,1.225430579,60.784301758,16.576660156,44.207641602,49.602403269,36.075190516
0x00,94,1.221607139,60.582458496,16.185913086,44.396545410,49.592423425,36.342735723
0xAA,94,1.221371929,60.534729004,15.989013672,44.545715332,49.562895271,36.471867639
0x00,95,1.221283280,60.554504395,16.351745605,44.202758789,49.582685185,36.193698475
0xAA,95,1.271164886,63.032775879,17.107177734,45.925598145,49.586624499,36.128749819
0x00,96,1.221370827,60.528564453,16.601196289,43.927368164,49.557892751,35.965627468
0xAA,96,1.221407089,60.589294434,16.313720703,44.275573730,49.606142767,36.249645290
0x00,97,1.221427296,60.568359375,16.575805664,43.992553711,49.588182263,36.017333046
0xAA,97,1.275029382,63.351257324,20.888183594,42.463073730,49.686115645,33.303604082
0x00,98,1.221384561,60.552795410,18.284301758,42.268493652,49.577174416,34.607031235
0xAA,98,1.221620397,60.585266113,16.985473633,43.599792480,49.594183481,35.690131392
0x00,99,1.221311552,60.550415039,17.350952148,43.199462891,49.578189071,35.371370082
0xAA,99,1.271182759,63.043640137,18.434204102,44.609436035,49.594473879,35.092857985
0x00,100,1.221213070,60.533935547,16.963928223,43.570007324,49.568692830,35.677645773
0xAA,100,1.221404270,60.626159668,16.999389648,43.626770020,49.636439922,35.718534060
0x00,101,1.221426903,60.556274414,16.809387207,43.746887207,49.578304085,35.816213889
0xAA,101,1.221472781,60.559265137,17.463928223,43.095336914,49.578890401,35.281454965
0x00,102,1.275015695,63.228332520,17.685913086,45.542419434,49.590238589,35.719104959
0xAA,102,1.221653091,60.587219238,16.388854980,44.198364258,49.594454993,36.179144950
0x00,103,1.221212270,60.537170410,16.650573730,43.886596680,49.571374197,35.936911017
0xAA,103,1.221384063,60.561157227,16.845764160,43.715393066,49.584040812,35.791684525
0x00,104,1.271250670,63.286071777,22.333557129,40.952514648,49.782527766,32.214350493
0xAA,104,1.221540215,60.730834961,20.608520508,40.122314453,49.716607129,32.845676270
0x00,105,1.221422140,60.618835449,19.633972168,40.984863281,49.629717248,33.555035511
0xAA,105,1.225350765,60.839294434,18.091918945,42.747375488,49.650513283,34.885827560
0x00,106,1.270959616,63.021667480,18.607299805,44.414367676,49.585892964,34.945538093
0xAA,106,1.221694256,60.601318359,17.177429199,43.423889160,49.604324537,35.543990607
0x00,107,1.221255253,60.540405273,16.746704102,43.793701172,49.572278297,35.859580595
0xAA,107,1.221431869,60.617370605,17.173950195,43.443420410,49.628122652,35.567616592
0x00,108,1.270989856,62.998901367,17.828735352,45.170166016,49.566801080,35.539359974
0xAA,108,1.221403994,60.585327148,16.697082520,43.888244629,49.603020332,35.932619219
0x00,109,1.221394866,60.553894043,16.643005371,43.910888672,49.577655620,35.951427253
0xAA,109,1.225421396,60.745666504,16.519165039,44.226501465,49.571246840,36.090851367
0x00,110,1.221283836,60.591857910,16.622192383,43.969665527,49.613248062,36.002822793
0xAA,110,1.271423729,63.031921387,16.999328613,46.032592773,49.575857324,36.205547941
0x00,111,1.221244949,60.541320801,16.353759766,44.187561035,49.573446220,36.182390004
0xAA,111,1.221446071,60.607666016,16.538330078,44.069335938,49.619600451,36.079641160
0x00,112,1.221459645,60.542541504,16.546203613,43.996337891,49.565732075,36.019477247
0xAA,112,1.270971044,63.026855469,17.034606934,45.992248535,49.589529019,36.186700517
0x00,113,1.221423605,60.547424316,17.099975586,43.447448730,49.571192229,35.571155292
0xAA,113,1.225394986,60.773010254,17.181823730,43.591186523,49.594629445,35.573171934
0x00,114,1.221254079,60.647521973,18.435729980,42.211791992,49.660036364,34.564299697
0xAA,114,1.271110795,63.108520508,19.600769043,43.507751465,49.648323935,34.228134665
0x00,115,1.221492763,60.571838379,18.439025879,42.132812500,49.588372697,34.492887536
0xAA,115,1.221402061,60.591430664,18.257568359,42.333862305,49.608095973,34.660054749
0x00,116,1.221406319,60.624145508,18.297363281,42.326782227,49.634707603,34.654137258
0xAA,116,1.221442352,60.561279297,17.557983398,43.003295898,49.581774529,35.206979542
0x00,117,1.270988998,63.027160645,18.150024414,44.877136230,49.589068626,35.308831391
0xAA,117,1.225443967,60.731994629,17.346313477,43.385681152,49.559177134,35.404051365
0x00,118,1.221210249,60.536376953,16.732849121,43.803527832,49.570806503,35.868948748
0xAA,118,1.221447877,60.586791992,16.577453613,44.009338379,49.602437511,36.030467781
0x00,119,1.271190122,63.029846191,17.365173340,45.664672852,49.583335412,35.922771945
0xAA,119,1.221406577,60.553771973,16.851135254,43.702636719,49.577080321,35.780580801
0x00,120,1.221395931,60.605224609,17.098449707,43.506774902,49.619638539,35.620533685
0xAA,120,1.221444372,60.540588379,16.783203125,43.757385254,49.564752818,35.824296429
0x00,121,1.274991814,63.248474121,18.407287598,44.841186523,49.606964866,35.169783861
0xAA,121,1.221451704,60.641418457,20.262817383,40.378601074,49.647004674,33.057877722
0x00,122,1.221348994,60.570434570,19.505249023,41.065185547,49.593060516,33.622810309
0xAA,122,1.221403734,60.599304199,18.110351562,42.488952637,49.614474324,34.786984397
0x00,123,1.271241218,63.045043945,18.629943848,44.415100098,49.593297521,34.938373197
0xAA,123,1.221426295,60.556213379,17.823791504,42.732421875,49.578278793,34.985673757
0x00,124,1.221493454,60.597229004,17.709960938,42.887268066,49.609131187,35.110518133
0xAA,124,1.221431566,60.558593750,17.496276855,43.062316895,49.580013679,35.255611606
0x00,125,1.221214238,60.551208496,17.010192871,43.541015625,49.582789499,35.653871590
0xAA,125,1.275151675,63.238891602,18.020141602,45.218750000,49.593231018,35.461467750
0x00,126,1.221216707,60.543273926,17.250183105,43.293090820,49.576191988,35.450784920
0xAA,126,1.221395338,60.627563477,17.708190918,42.919372559,49.637952259,35.139623694
0x00,127,1.221675565,60.549133301,16.804321289,43.744812012,49.562367486,35.807225146
0xAA,127,1.270971540,63.089843750,18.597900391,44.491943359,49.639068826,35.006246764
0x00,128,1.221427220,60.548583984,17.592529297,42.956054688,49.571994952,35.168738656
0xAA,128,1.221410078,60.612670898,17.216430664,43.396240234,49.625160288,35.529623520
0x00,129,1.221279810,60.548034668,17.264709473,43.283325195,49.577528567,35.440956971
0xAA,129,1.275144438,63.278991699,18.025817871,45.253173828,49.624959976,35.488665032
0x00,130,1.221248266,60.554321289,17.075622559,43.478698730,49.583956821,35.601850943
0xAA,130,1.221396733,60.606506348,17.159362793,43.447143555,49.620655361,35.571688036
0x00,131,1.221418579,60.559143066,16.835388184,43.723754883,49.580990586,35.797519077
0xAA,131,1.221670867,60.576416016,17.481567383,43.094848633,49.584890376,35.275334623
0x00,132,1.271008918,62.989440918,18.191040039,44.798400879,49.558614441,35.246330883
0xAA,132,1.221392470,60.591918945,16.539184570,44.052734375,49.608885296,36.067632196
0x00,133,1.221181972,60.539062500,16.269836426,44.269226074,49.574153474,36.251129716
0xAA,133,1.225459563,60.744750977,16.503173828,44.241577148,49.568955852,36.102029381
0x00,134,1.271014857,63.028747559,17.723205566,45.305541992,49.589308269,35.645171056
0xAA,134,1.221476156,60.549926758,17.073913574,43.476013184,49.571108253,35.593010121
0x00,135,1.221399860,60.620910645,16.924804688,43.696105957,49.632321592,35.775430625
0xAA,135,1.221469431,60.662719727,19.949340820,40.713378906,49.663723207,33.331475904
0x00,136,1.271009094,63.178466797,21.263000488,41.915466309,49.707328685,32.978101027
0xAA,136,1.221452246,60.550231934,18.484680176,42.065551758,49.572328457,34.438965498
0x00,137,1.225456849,60.793029785,17.937561035,42.855468750,49.608462211,34.971014104
0xAA,137,1.221229441,60.528930664,17.441406250,43.087524414,49.563930112,35.282087843
0x00,138,1.270960717,63.060546875,19.430480957,43.630065918,49.616440565,34.328414194
0xAA,138,1.221409364,60.600463867,19.315795898,41.284667969,49.615195080,33.800844488
0x00,139,1.221402370,60.550354004,17.939331055,42.611022949,49.574452687,34.886965996
0xAA,139,1.221625379,60.583862305,17.241394043,43.342468262,49.592832096,35.479344983
0x00,140,1.221423539,60.552978516,17.804992676,42.747985840,49.575742224,34.998495178
0xAA,140,1.271012966,63.023986816,18.457153320,44.566833496,49.585636419,35.064027424
0x00,141,1.225442723,60.804443359,17.247680664,43.556762695,49.618347898,35.543695252
0xAA,141,1.221197229,60.558593750,16.562805176,43.995788574,49.589527647,36.026767445
0x00,142,1.221371694,60.536071777,16.892333984,43.643737793,49.564004205,35.733379124
0xAA,142,1.270944821,63.029602051,17.035217285,45.994384766,49.592713239,36.189127967
0x00,143,1.221388424,60.531066895,16.445617676,44.085449219,49.559227601,36.094536638
0xAA,143,1.221662994,60.583740234,16.531433105,44.052307129,49.591205211,36.059295686
0x00,144,1.221498485,60.578857422,17.566528320,43.012329102,49.593886661,35.212756814
0xAA,144,1.271009217,63.140258789,21.104858398,42.035400391,49.677262717,33.072459136
0x00,145,1.225377028,60.738525391,18.458679199,42.279846191,49.567214011,34.503540727
0xAA,145,1.221239191,60.579589844,17.970947266,42.608642578,49.605016192,34.889678363
0x00,146,1.221393768,60.532653809,17.159484863,43.373168945,49.560310028,35.511208655
0xAA,146,1.270986319,63.025451660,17.916931152,45.108520508,49.587828538,35.490956774
0x00,147,1.221373453,60.537597656,16.561950684,43.975646973,49.565182138,36.005078434
0xAA,147,1.221631276,60.583190918,16.617858887,43.965332031,49.592043122,35.989036050
0x00,148,1.221393613,60.546569824,16.631835938,43.914733887,49.571709873,35.954612354
0xAA,148,1.221246367,60.540832520,16.397888184,44.142944336,49.572988838,36.145814251
0x00,149,1.275121468,63.226928711,16.921630859,46.305297852,49.585024092,36.314421029
0xAA,149,1.221241254,60.556945801,16.766540527,43.790405273,49.586390570,35.857292840
0x00,150,1.221476446,60.590209961,16.794250488,43.795959473,49.604075592,35.854935735
0xAA,150,1.221416607,60.535339355,16.505981445,44.029357910,49.561582026,36.047780633
0x00,151,1.270918514,63.021484375,16.764221191,46.257263184,49.587352518,36.396718337
0xAA,151,1.221433766,60.534851074,16.390014648,44.144836426,49.560486012,36.141817636
0x00,152,1.221648647,60.599121094,16.663024902,43.936096191,49.604377857,35.964592847
0xAA,152,1.221203951,60.532653809,16.322082520,44.210571289,49.568013401,36.202446981
0x00,153,1.275130860,63.235595703,16.956359863,46.279235840,49.591455816,36.293714858
0xAA,153,1.221278324,60.530517578,16.450256348,44.080261230,49.563245649,36.093542614
0x00,154,1.221410856,60.532104492,16.389892578,44.142211914,49.559166921,36.140346794
0xAA,154,1.221389899,60.585021973,16.121582031,44.463439941,49.603342898,36.403968936
0x00,155,1.221403395,60.535888672,15.884460449,44.651428223,49.562567879,36.557478394
0xAA,155,1.271007516,63.132568359,18.527404785,44.605163574,49.671278544,35.094335016
0x00,156,1.221694273,60.593139648,16.794616699,43.798522949,49.597629282,35.850641128
0xAA,156,1.221292800,60.531982422,17.009948730,43.522033691,49.563857596,35.636035594
0x00,157,1.225379237,60.731384277,16.406738281,44.324645996,49.561296979,36.172186257
0xAA,157,1.270960753,63.022094727,17.205749512,45.816345215,49.586184764,36.048591671
0x00,158,1.221426715,60.530822754,16.435729980,44.095092773,49.557474067,36.101300415
0xAA,158,1.221396906,60.583679199,16.516052246,44.067626953,49.601958955,36.079694272
0x00,159,1.221463859,60.531250000,16.335510254,44.195739746,49.556316836,36.182601246
0xAA,159,1.271039440,63.022583008,17.383850098,45.638732910,49.583499162,35.906622150
0x00,160,1.221654634,60.590148926,16.450866699,44.139282227,49.596790484,36.130736951
0xAA,160,1.221261839,60.527465820,16.446594238,44.080871582,49.561415814,36.094529588
0x00,161,1.225503918,60.732238770,16.654418945,44.077819824,49.556951942,35.967098250
0xAA,161,1.270987659,63.020935059,16.911682129,46.109252930,49.584222642,36.278285319
0x00,162,1.221389212,60.531372070,16.166381836,44.364990234,49.559445487,36.323384715
0xAA,162,1.221474225,60.624206543,17.388549805,43.235656738,49.631998205,35.396290690
0x00,163,1.221408668,60.542968750,17.757141113,42.785827637,49.568150559,35.029903388
0xAA,163,1.221263131,60.530639648,17.160095215,43.370544434,49.563962190,35.512858231
0x00,164,1.271412309,63.033935547,17.872375488,45.161560059,49.577886812,35.520782471
0xAA,164,1.221261930,60.533630371,16.921142578,43.612487793,49.566459810,35.711002465
0x00,165,1.225419912,60.732421875,16.622680664,44.109741211,49.560498634,35.995613242
0xAA,165,1.221452840,60.541320801,17.101196289,43.440124512,49.565008831,35.564307593
0x00,166,1.271027713,63.024658203,17.744323730,45.280334473,49.585589329,35.624978126
0xAA,166,1.221465934,60.581542969,16.773559570,43.807983398,49.597406921,35.865088153
0x00,167,1.221422156,60.525146484,16.458251953,44.066894531,49.553011780,36.078348763
0xAA,167,1.221306099,60.540283203,16.667480469,43.872802734,49.570114530,35.922855679
0x00,168,1.271178968,63.039489746,17.752624512,45.286865234,49.591356790,35.625876745
0xAA,168,1.225575686,60.881774902,20.921203613,39.960571289,49.676062929,32.605551616
0x00,169,1.221477757,60.527404785,18.616455078,41.910949707,49.552604981,34.311676547
0xAA,169,1.221482422,60.584533691,17.810729980,42.773803711,49.599185875,35.017944541
0x00,170,1.221436744,60.537719727,17.070251465,43.467468262,49.562713766,35.587162803
0xAA,170,1.270958804,63.027404785,17.885559082,45.141845703,49.590438798,35.517945634
0x00,171,1.221389316,60.534790039,16.805847168,43.728942871,49.562239694,35.802624354
0xAA,171,1.221269944,60.542724609,16.772644043,43.770080566,49.573581096,35.839808211
0x00,172,1.221412858,60.596862793,16.840026855,43.756835938,49.612104864,35.824771003
0xAA,172,1.275195949,63.230346680,17.573120117,45.657226562,49.584808303,35.804086892
0x00,173,1.221403901,60.536682129,16.727539062,43.809143066,49.563196973,35.867859134
0xAA,173,1.221393452,60.541137695,16.685058594,43.856079102,49.567268922,35.906594251
0x00,174,1.221434157,60.547546387,16.358947754,44.188598633,49.570863922,36.177634611
0xAA,174,1.270970476,63.035888672,17.522949219,45.512939453,49.596658508,35.809596141
0x00,175,1.221447477,60.536987305,16.697509766,43.839477539,49.561678619,35.891414379
0xAA,175,1.221217903,60.550964355,16.575683594,43.975280762,49.582440780,36.009364630
0x00,176,1.221411349,60.576354980,16.331115723,44.245239258,49.595375899,36.224683268
0xAA,176,1.275267770,63.236267090,17.367004395,45.869262695,49.586658251,35.968338395
0x00,177,1.221517003,60.685180664,19.007873535,41.677307129,49.680176792,34.119301677
0xAA,177,1.221478953,60.686462402,20.948608398,39.737854004,49.682773701,32.532573653
0x00,178,1.221442335,60.627258301,20.300476074,40.326782227,49.635792508,33.015706981
0xAA,178,1.221233016,60.535034180,18.554504395,41.980529785,49.568782850,34.375528040
0x00,179,1.271145640,63.024597168,19.123291016,43.901306152,49.580941148,34.536802685
0xAA,179,1.221317124,60.533142090,17.475891113,43.057250977,49.563819994,35.254767276
0x00,180,1.221465913,60.582824707,17.099792480,43.483032227,49.598457118,35.599055007
0xAA,180,1.221659987,60.550598145,17.040649414,43.509948730,49.564198540,35.615432439
0x00,181,1.274990706,63.222595215,17.892517090,45.330078125,49.586710646,35.553261613
0xAA,181,1.221398666,60.539001465,16.741699219,43.797302246,49.565308322,35.858318390
0x00,182,1.221428112,60.537902832,16.860961914,43.676940918,49.563213944,35.758912448
0xAA,182,1.221200857,60.543273926,16.714660645,43.828613281,49.576835439,35.889766233
0x00,183,1.271156271,63.027282715,17.017578125,46.009704590,49.582639171,36.195159981
0xAA,183,1.221299963,60.551330566,16.886413574,43.664916992,49.579409155,35.752819385
0x00,184,1.221397081,60.602050781,16.252563477,44.349487305,49.616993297,36.310457913
0xAA,184,1.225422437,60.749328613,16.553466797,44.195861816,49.574193175,36.065817372
0x00,185,1.221664724,60.593627930,16.307067871,44.286560059,49.599228609,36.250993573
0xAA,185,1.270975617,63.015930176,16.838134766,46.177795410,49.580754605,36.332558070
0x00,186,1.221387298,60.597045898,16.217651367,44.379394531,49.613293013,36.335235027
0xAA,186,1.221281100,60.542602539,16.751281738,43.791320801,49.573028305,35.856872591
0x00,187,1.221398782,60.590454102,17.325988770,43.264465332,49.607429608,35.422063596
0xAA,187,1.270989677,63.036437988,18.132873535,44.903564453,49.596341441,35.329605949
0x00,188,1.221405183,60.567504883,16.688232422,43.879272461,49.588380437,35.925238464
0xAA,188,1.225376080,60.816955566,16.882690430,43.934265137,49.631257341,35.853699002
0x00,189,1.221651065,60.537170410,16.770935059,43.766235352,49.553569055,35.825479636
0xAA,189,1.270925836,63.037353516,17.116882324,45.920471191,49.599553121,36.131511289
0x00,190,1.221368301,60.562316895,17.039978027,43.522338867,49.585630186,35.634082554
0xAA,190,1.221185752,60.542602539,16.642578125,43.900024414,49.576898879,35.948687038
0x00,191,1.221420533,60.542297363,16.779541016,43.762756348,49.567119373,35.829393043
0xAA,191,1.270971157,63.025451660,16.967346191,46.058105469,49.588420094,36.238513530
0x00,192,1.221374684,60.554565430,17.225708008,43.328857422,49.579024539,35.475483477
0xAA,192,1.225487081,60.867736816,20.542541504,40.325195312,49.668199494,32.905443017
0x00,193,1.221688151,60.586975098,18.416931152,42.170043945,49.592831893,34.517846400
0xAA,193,1.221458519,60.585754395,16.963745117,43.622009277,49.601155874,35.713050094
0x00,194,1.270959933,62.974426270,18.026245117,44.948181152,49.548710887,35.365537485
0xAA,194,1.221326022,60.589355469,16.937866211,43.651489258,49.609485410,35.741062150
0x00,195,1.221423604,60.537353516,16.648803711,43.888549805,49.562947136,35.932292172
0xAA,195,1.221387654,60.530944824,16.572143555,43.958801270,49.559158901,35.990867540
0x00,196,1.270957516,63.022888184,16.882385254,46.140502930,49.586935354,36.303733483
0xAA,196,1.225404650,60.757629395,16.860961914,43.896667480,49.581686665,35.822181253
0x00,197,1.221674314,60.594726562,16.448547363,44.146179199,49.599738546,36.135800428
0xAA,197,1.221431593,60.534240723,16.479370117,44.054870605,49.560074481,36.068225890
0x00,198,1.270969686,63.052246094,17.057067871,45.995178223,49.609559369,36.189044262
0xAA,198,1.221205187,60.580566406,17.086730957,43.493835449,49.607197096,35.615501729
0x00,199,1.221438957,60.602661133,17.215270996,43.387390137,49.615791919,35.521537845
0xAA,199,1.221380584,60.533935547,16.124267578,44.409667969,49.561894417,36.360221008
0x00,200,1.221361882,60.548339844,16.008789062,44.539550781,49.574446965,36.467120382
0xAA,200,1.274967660,63.239440918,17.001770020,46.237670898,49.600819614,36.265759791
0x00,201,1.221409671,60.547485352,16.367492676,44.179992676,49.571807715,36.171313954
0xAA,201,1.221666996,60.597412109,16.365600586,44.231811523,49.602233921,36.206111541
0x00,202,1.221234318,60.547485352,16.055480957,44.492004395,49.578925567,36.431996496
0xAA,202,1.270968880,63.029174805,16.926208496,46.102966309,49.591438309,36.273875021
0x00,203,1.221434773,60.545043945,16.471374512,44.073669434,49.568790150,36.083522762
0xAA,203,1.221427024,60.608337402,16.403808594,44.204528809,49.620923896,36.190888150
0x00,204,1.221379667,60.552856445,16.028015137,44.524841309,49.577423042,36.454546045
0xAA,204,1.274968559,63.270568848,16.804382324,46.466186523,49.625199305,36.444966580
0x00,205,1.221452101,60.560424805,16.528808594,44.031616211,49.580679222,36.048581991
0xAA,205,1.221633270,60.583618164,16.265686035,44.317932129,49.592311909,36.277607378
0x00,206,1.221266774,60.540527344,16.143127441,44.397399902,49.571910603,36.353564059
0xAA,206,1.271025702,63.026367188,16.829345703,46.197021484,49.587012354,36.346252803
0x00,207,1.221343579,60.534423828,16.088256836,44.446166992,49.563795863,36.391206992
0xAA,207,1.221392308,60.585632324,15.794311523,44.791320801,49.603744782,36.672345574
0x00,208,1.221386102,60.537170410,15.957092285,44.580078125,49.564319023,36.499578677
0xAA,208,1.225413479,60.751342773,16.228210449,44.523132324,49.576199230,36.333150473
0x00,209,1.270943860,63.031433105,16.629699707,46.401733398,49.594191442,36.509664084
0xAA,209,1.221644486,60.586181641,16.107116699,44.479064941,49.593954980,36.409172596
0x00,210,1.221256507,60.539550781,16.148193359,44.391357422,49.571527713,36.348921924
0xAA,210,1.221440015,60.538940430,16.087768555,44.451171875,49.563580435,36.392431334
0x00,211,1.271074816,63.036193848,17.068603516,45.967590332,49.592827310,36.164346704
0xAA,211,1.221486096,60.633789062,17.919189453,42.714599609,49.639360825,34.969370302
0x00,212,1.221359676,60.539245605,16.927429199,43.611816406,49.567090510,35.707594792
0xAA,212,1.225445759,60.737304688,16.665222168,44.072082520,49.563437828,35.964123419
0x00,213,1.270957241,63.038269043,17.462097168,45.576171875,49.599047875,35.859720850
0xAA,213,1.221659092,60.599365234,16.681945801,43.917419434,49.604153590,35.948997328
0x00,214,1.221224417,60.571777344,16.442871094,44.128906250,49.599219030,36.134968836
0xAA,214,1.221379732,60.542541504,16.637207031,43.905334473,49.568975084,35.947325244
0x00,215,1.270976039,63.027343750,17.236145020,45.791198730,49.589718308,36.028372940
0xAA,215,1.221424223,60.545593262,16.800598145,43.744995117,49.569668033,35.814743390
0x00,216,1.225453890,60.792541504,16.996459961,43.796081543,49.608183547,35.738661324
0xAA,216,1.221462276,60.635192871,20.218261719,40.416931152,49.641478139,33.088972084
0x00,217,1.221228190,60.549011230,18.491577148,42.057434082,49.580423811,34.438636797
0xAA,217,1.271155833,63.027038574,18.123779297,44.903259277,49.582464194,35.324747849
0x00,218,1.221485732,60.583129883,17.486633301,43.096496582,49.597902207,35.282030279
0xAA,218,1.221376142,60.534057617,16.646240234,43.887817383,49.562174612,35.933088812
0x00,219,1.221423178,60.582580566,16.770019531,43.812561035,49.599992580,35.870091402
0xAA,219,1.270998108,62.969726562,17.220642090,45.749084473,49.543525019,35.994612568
0x00,220,1.225434050,60.780273438,16.813964844,43.966308594,49.598975512,35.878151577
0xAA,220,1.221428841,60.535644531,16.375305176,44.160339355,49.561335462,36.154655820
0x00,221,1.221274822,60.548339844,16.645568848,43.902770996,49.577980937,35.948314176
0xAA,221,1.271147151,63.022766113,17.271362305,45.751403809,49.579441738,35.992216773
0x00,222,1.221443256,60.592956543,16.427490234,44.165466309,49.607672109,36.158426592
0xAA,222,1.221399387,60.537597656,16.476989746,44.060607910,49.564129719,36.073874262
0x00,223,1.221442884,60.551818848,17.154541016,43.397277832,49.574007627,35.529518736
0xAA,223,1.221417635,60.583251953,16.497985840,44.085266113,49.600767352,36.093523501
0x00,224,1.274970279,63.167602539,17.223632812,45.943969727,49.544372586,36.035326065
0xAA,224,1.221423592,60.582519531,16.418151855,44.164367676,49.599925798,36.158109246
0x00,225,1.221265389,60.544067383,16.694335938,43.849731445,49.574865486,35.905161843
0xAA,225,1.221428687,60.539916992,16.403320312,44.136596680,49.564839631,36.135221933
0x00,226,1.271173318,63.028442383,16.829772949,46.198669434,49.582886527,36.343328466
0xAA,226,1.221413808,60.585144043,16.303039551,44.282104492,49.602471862,36.254792767
0x00,227,1.221387939,60.537780762,16.111694336,44.426086426,49.564744197,36.373444511
0xAA,227,1.221432093,60.582885742,15.989135742,44.593750000,49.599880410,36.509397662
0x00,228,1.274984397,63.178649902,16.692443848,46.486206055,49.552488682,36.460215642
0xAA,228,1.221459283,60.580261230,16.390625000,44.189636230,49.596627635,36.177739893
0x00,229,1.221202713,60.541992188,16.288757324,44.253234863,49.575710521,36.237419384
0xAA,229,1.221431540,60.532226562,16.221801758,44.310424805,49.558427616,36.277452607
0x00,230,1.271258560,63.025939941,16.737304688,46.288635254,49.577593359,36.411660625
0xAA,230,1.221391462,60.589965820,16.060668945,44.529296875,49.607327139,36.457841945
0x00,231,1.221432302,60.538085938,16.276794434,44.261291504,49.563193833,36.237204003
0xAA,231,1.221451190,60.532348633,16.302429199,44.229919434,49.557730287,36.210959386
0x00,232,1.225254291,60.778991699,16.152526855,44.626464844,49.605206157,36.422206534
0xAA,232,1.271162749,63.027099609,16.719055176,46.308044434,49.582242446,36.429673911
0x00,233,1.221235565,60.560485840,16.724609375,43.835876465,49.589520299,35.894693637
0xAA,233,1.221465796,60.539489746,16.657653809,43.881835938,49.562984035,35.925554429
0x00,234,1.221399420,60.529113770,16.160949707,44.368164062,49.557182342,36.325679656
0xAA,234,1.271201285,63.035156250,17.127685547,45.907470703,49.587077195,36.113455237
0x00,235,1.221440074,60.590942383,16.461669922,44.129272461,49.606152338,36.128888678
0xAA,235,1.221441943,60.590332031,17.345581055,43.244750977,49.605576735,35.404671687
0x00,236,1.225236959,60.746459961,17.459655762,43.286804199,49.579356479,35.329332731
0xAA,236,1.271146346,63.029113770,17.555114746,45.473999023,49.584466783,35.774007585
0x00,237,1.221220763,60.601745605,17.001464844,43.600280762,49.623907029,35.702210512
0xAA,237,1.221452440,60.531372070,16.858337402,43.673034668,49.556880062,35.755002191
0x00,238,1.221407387,60.535461426,16.706298828,43.829162598,49.562056092,35.884147308
0xAA,238,1.221659203,60.590576172,16.863220215,43.727355957,49.596954718,35.793415913
0x00,239,1.270975242,63.019104004,17.371887207,45.647216797,49.583266394,35.915110923
0xAA,239,1.221401228,60.539855957,16.746520996,43.793334961,49.565903955,35.854995031
0x00,240,1.225241681,60.746276855,16.726379395,44.019897461,49.579015959,35.927522009
0xAA,240,1.221541754,60.701660156,20.021362305,40.680297852,49.692660900,33.302421074
0x00,241,1.271019334,63.054626465,19.071350098,43.983276367,49.609494347,34.604726451
0xAA,241,1.221466866,60.547180176,17.704711914,42.842468262,49.569236679,35.074605341
0x00,242,1.221403069,60.535339355,16.920959473,43.614379883,49.562131365,35.708424999
0xAA,242,1.221692688,60.602416992,17.234619141,43.367797852,49.605287473,35.498123446
0x00,243,1.271001055,63.023132324,17.329406738,45.693725586,49.585428805,35.950973767
0xAA,243,1.225514240,60.736206055,17.531616211,43.204589844,49.559771786,35.254253630
0x00,244,1.221239920,60.528747559,16.517700195,44.011047363,49.563354888,36.038002560
0xAA,244,1.221415986,60.583923340,16.421325684,44.162597656,49.601383996,36.156885256
0x00,245,1.271022805,63.049377441,17.368591309,45.680786133,49.605229106,35.940178220
0xAA,245,1.221480299,60.539245605,16.701782227,43.837463379,49.562195686,35.888801002
0x00,246,1.221437228,60.539916992,16.634155273,43.905761719,49.564493045,35.945982906
0xAA,246,1.221675412,60.584655762,16.173461914,44.411193848,49.591450533,36.352695169
0x00,247,1.221228501,60.535583496,16.288391113,44.247192383,49.569415917,36.231706308
0xAA,247,1.275188204,63.229675293,17.058898926,46.170776367,49.584582962,36.207029066
0x00,248,1.221279560,60.591064453,16.419433594,44.171630859,49.612772077,36.168320756
0xAA,248,1.221432431,60.529602051,16.159179688,44.370422363,49.556242748,36.326546796
0x00,249,1.221432695,60.550903320,16.265747070,44.285156250,49.573671614,36.256730667
0xAA,249,1.270977508,63.029418945,16.807434082,46.221984863,49.591293747,36.367272098
0x00,250,1.221459784,60.613708496,16.570495605,44.043212891,49.623990319,36.057849360
0xAA,250,1.221512983,60.830871582,22.424560547,38.406311035,49.799611161,31.441590527
0x00,251,1.221524951,60.654174805,21.171508789,39.482666016,49.654470631,32.322439246
0xAA,251,1.275201594,63.236450195,20.194274902,43.042175293,49.589375118,33.753232034
0x00,252,1.221230081,60.590759277,18.228271484,42.362487793,49.614532282,34.688375640
0xAA,252,1.221411552,60.535522461,17.157775879,43.377746582,49.561937057,35.514439430
0x00,253,1.221448747,60.541625977,17.131958008,43.409667969,49.565424767,35.539491997
0xAA,253,1.221435392,60.606323242,17.406372070,43.199951172,49.618934934,35.368183577
0x00,254,1.270986731,63.030761719,17.799804688,45.230957031,49.591990366,35.587277135
0xAA,254,1.221430274,60.538452148,16.829772949,43.708679199,49.563575946,35.784833674
0x00,255,1.221502613,60.588256836,16.763061523,43.825195312,49.601414022,35.878101975
0xAA,255,1.221460234,60.563354492,16.806823730,43.756530762,49.582747605,35.823131645
0x00,256,1.275024046,63.221069336,17.071899414,46.149169922,49.584217281,36.194744771
0xAA,256,1.221456787,60.540405273,16.563781738,43.976623535,49.564099130,36.003421491
0x00,257,1.221430615,60.584167480,16.283935547,44.300231934,49.600989804,36.269135053
0xAA,257,1.221501427,60.555114746,16.808105469,43.747009277,49.574329925,35.814128670
0x00,258,1.271005166,63.032165527,16.938781738,46.093383789,49.592375557,36.265300112
0xAA,258,1.221392826,60.544799805,16.140808105,44.403991699,49.570292633,36.355209196
0x00,259,1.221533290,60.581970215,16.362976074,44.218994141,49.595021856,36.199581708
0xAA,259,1.225446758,60.734252930,16.408142090,44.326110840,49.560907100,36.171388557
0x00,260,1.271027676,63.067871094,18.248657227,44.819213867,49.619589160,35.262185642
0xAA,260,1.221440666,60.546569824,17.098266602,43.448303223,49.569800245,35.571358014
0x00,261,1.221510890,60.593261719,16.984375000,43.608886719,49.605175209,35.700776044
0xAA,261,1.221457071,60.551635742,16.787902832,43.763732910,49.573281927,35.829120768
0x00,262,1.221416320,60.577270508,16.639587402,43.937683105,49.595923614,35.972732954
0xAA,262,1.271013874,62.982666016,17.568908691,45.413757324,49.553090886,35.730339576
0x00,263,1.221539178,60.602600098,17.603515625,42.999084473,49.611671233,35.200741202
0xAA,263,1.225550777,60.835876465,20.548034668,40.287841797,49.639621309,32.873253849
0x00,264,1.221467893,60.585876465,17.976989746,42.608886719,49.600875154,34.883345656
0xAA,264,1.271535153,63.017211914,19.095214844,43.921997070,49.559944737,34.542495319
0x00,265,1.221395492,60.541931152,17.062011719,43.479919434,49.567835766,35.598558958
0xAA,265,1.221450536,60.597412109,17.602478027,42.994934082,49.611024207,35.199897839
0x00,266,1.221424924,60.537475586,17.099304199,43.438171387,49.562993514,35.563521370
0xAA,266,1.271010268,63.018127441,17.622375488,45.395751953,49.581131662,35.716274759
0x00,267,1.221374856,60.536621094,16.934204102,43.602416992,49.564325642,35.699455231
0xAA,267,1.225646776,60.780822754,16.535339355,44.245483398,49.590815188,36.099702022
0x00,268,1.221512833,60.661499023,18.255676270,42.405822754,49.660959250,34.715822551
0xAA,268,1.221497554,60.588928223,17.670166016,42.918762207,49.602169095,35.136183504
0x00,269,1.271041141,63.019592285,17.469177246,45.550415039,49.581079835,35.837089430
0xAA,269,1.221441799,60.544067383,17.180541992,43.363525391,49.567705504,35.501917018
0x00,270,1.221439500,60.588745117,16.960144043,43.628601074,49.604376735,35.719002926
0xAA,270,1.221223095,60.531677246,16.649658203,43.882019043,49.566436709,35.932844066
0x00,271,1.270967649,63.014770508,17.142211914,45.872558594,49.580153010,36.092624883
0xAA,271,1.225637971,60.734436035,16.770751953,43.963684082,49.553324450,35.870040846
0x00,272,1.221396797,60.537231445,16.538391113,43.998840332,49.563934991,36.023379495
0xAA,272,1.221397142,60.576965332,16.084350586,44.492614746,49.596452496,36.427639476
0x00,273,1.270970396,63.012695312,16.929870605,46.082824707,49.578413086,36.257984334
0xAA,273,1.221461244,60.544860840,16.518737793,44.026123047,49.567566009,36.043814950
0x00,274,1.221412571,60.558471680,16.520263672,44.038208008,49.580684789,36.055145537
0xAA,274,1.221271739,60.583068848,17.186035156,43.397033691,49.606542846,35.534297819
0x00,275,1.275147413,63.223144531,17.316467285,45.906677246,49.581047561,36.001074682
0xAA,275,1.221511795,60.529785156,17.020874023,43.508911133,49.553172883,35.618903813
0x00,276,1.221450838,60.532043457,16.612487793,43.919555664,49.557494722,35.956875461
0xAA,276,1.221401013,60.585144043,16.472412109,44.112731934,49.602991481,36.116501840
0x00,277,1.221407378,60.530395508,16.247253418,44.283142090,49.557908850,36.255833138
0xAA,277,1.270942281,63.025817871,16.840087891,46.185729980,49.589834891,36.339754111
0x00,278,1.221452123,60.536499023,16.605407715,43.931091309,49.561090348,35.966281839
0xAA,278,1.221279053,60.588256836,16.276550293,44.311706543,49.610493758,36.283031658
0x00,279,1.221427688,60.534729004,16.419433594,44.115295410,49.560632691,36.117811839
0xAA,279,1.275193882,63.213439941,16.727294922,46.486145020,49.571630506,36.454178204
0x00,280,1.221433123,60.535644531,16.624633789,43.911010742,49.561161714,35.950401144
0xAA,280,1.221408185,60.588012695,16.291625977,44.296386719,49.605048860,36.266652920
0x00,281,1.221444051,60.526367188,16.202941895,44.323425293,49.553122910,36.287724564
0xAA,281,1.270976592,63.032165527,17.026916504,46.005249023,49.593490489,36.196771296
0x00,282,1.221421128,60.528076172,16.067687988,44.460388184,49.555452075,36.400539637
0xAA,282,1.221230459,60.533386230,16.038879395,44.494506836,49.567537220,36.434160734
0x00,283,1.221398302,60.580444336,16.027893066,44.552551270,49.599253771,36.476676934
0xAA,283,1.275014090,63.169982910,16.798400879,46.371582031,49.544537120,36.369466342
0x00,284,1.221638859,60.535644531,16.266174316,44.269470215,49.552815126,36.237771817
0xAA,284,1.221419289,60.582153320,17.594787598,42.987365723,49.599800712,35.194601976
0x00,285,1.221423792,60.593383789,16.915100098,43.678283691,49.608812425,35.760138273
0xAA,285,1.221228066,60.543884277,16.498718262,44.045166016,49.576230651,36.066290353
0x00,286,1.271142647,63.024108887,17.423889160,45.600219727,49.580673763,35.873408727
0xAA,286,1.221237696,60.533447266,16.536804199,43.996643066,49.567293463,36.026273354
0x00,287,1.221449857,60.605041504,17.322448730,43.282592773,49.617297965,35.435423342
0xAA,287,1.225562395,60.833557129,20.211547852,40.622009277,49.637258272,33.145606819
0x00,288,1.271348172,63.026611328,19.729980469,43.296630859,49.574626932,34.055683418
0xAA,288,1.221402184,60.529541016,17.961181641,42.568359375,49.557419995,34.852041312
0x00,289,1.221432800,60.584289551,17.444702148,43.139587402,49.601001014,35.318838173
0xAA,289,1.221253140,60.547058105,17.259887695,43.287170410,49.577811612,35.444879520
0x00,290,1.271250869,63.039794922,17.960205078,45.079589844,49.588791999,35.460813395
0xAA,290,1.221187986,60.530883789,16.444458008,44.086425781,49.567211996,36.101260647
0x00,291,1.225428358,60.783813477,16.897338867,43.886474609,49.602094712,35.813170409
0xAA,291,1.221375272,60.530639648,16.470275879,44.060363770,49.559411457,36.074386619
0x00,292,1.221648862,60.578979492,16.443298340,44.135681152,49.587881900,36.127959944
0xAA,292,1.271128520,63.019836426,17.390869141,45.628967285,49.577863634,35.896423192
0x00,293,1.221401406,60.541748047,16.483886719,44.057861328,49.567445845,36.071565917
0xAA,293,1.221235828,60.534301758,16.252319336,44.281982422,49.568068976,36.259976498
0x00,294,1.221535222,60.603027344,16.796997070,43.806030273,49.612181665,35.861454901
0xAA,294,1.270948294,62.968566895,16.928771973,46.039794922,49.544554402,36.224758426
0x00,295,1.225388810,60.793029785,16.385314941,44.407714844,49.611216692,36.239693460
0xAA,295,1.221405258,60.532287598,16.229736328,44.302551270,49.559543977,36.271786927
0x00,296,1.221658976,60.582763672,16.453918457,44.128845215,49.590568941,36.122065226
0xAA,296,1.270982276,62.970520020,16.756530762,46.213989258,49.544766445,36.360844782
0x00,297,1.221394065,60.579956055,16.360168457,44.219787598,49.599026056,36.204357680
0xAA,297,1.221258377,60.537109375,16.496826172,44.040283203,49.569452718,36.061397025
0x00,298,1.221394899,60.541320801,16.291748047,44.249572754,49.567360115,36.228719139
0xAA,298,1.270979797,63.020568848,16.874267578,46.146301270,49.584241226,36.307659161
0x00,299,1.225390232,60.807189941,16.589721680,44.217468262,49.622714751,36.084397531
0xAA,299,1.221429924,60.556091309,17.093383789,43.462707520,49.578031550,35.583463828
