operand,trial,time_s,energy_J,power_W
0x00,0,1.222285950,60.641691000,49.613342115
0xAA,0,1.226192578,60.887478000,49.655722186
0x00,1,1.271002207,63.161276000,49.694072640
0xAA,1,1.226272957,61.039700000,49.776601247
0x00,2,1.222252169,60.716336000,49.675785030
0xAA,2,1.222231207,60.706998000,49.668996874
0x00,3,1.222245430,60.732572000,49.689342672
0xAA,3,1.274993041,63.367757000,49.700472836
0x00,4,1.222229176,60.692960000,49.657593839
0xAA,4,1.226185966,61.036770000,49.777743093
0x00,5,1.222065059,60.883878000,49.820488321
0xAA,5,1.271692119,63.284139000,49.763726656
0x00,6,1.226028238,60.861844000,49.641470003
0xAA,6,1.222233365,60.755826000,49.708858995
0x00,7,1.222183884,60.738553000,49.696738596
0xAA,7,1.275001182,63.376119000,49.706713919
0x00,8,1.222209398,60.884854000,49.815403236
0xAA,8,1.226210262,60.891446000,49.658242054
0x00,9,1.222195608,60.730252000,49.689470002
0xAA,9,1.271018069,63.121787000,49.662383675
0x00,10,1.226265158,60.850491000,49.622620852
0xAA,10,1.222211392,60.642301000,49.616867750
0x00,11,1.222226248,60.683560000,49.650021916
0xAA,11,1.226204723,60.862088000,49.634524202
0x00,12,1.270998232,63.092917000,49.640444346
0xAA,12,1.226202784,60.817227000,49.598017386
0x00,13,1.222190827,60.868192000,49.802527278
0xAA,13,1.222043315,60.654324000,49.633530379
0x00,14,1.275912404,63.309042000,49.618642943
0xAA,14,1.222046602,60.609648000,49.596838534
0x00,15,1.222220735,60.626187000,49.603304267
0xAA,15,1.226221789,60.881680000,49.649810945
0x00,16,1.270988238,63.056052000,49.611829689
0xAA,16,1.222246656,60.665372000,49.634312111
0x00,17,1.226191345,60.798306000,49.583049373
0xAA,17,1.222066386,60.684476000,49.657266328
0x00,18,1.275399754,63.257468000,49.598149758
0xAA,18,1.222048401,60.604337000,49.592419540
0x00,19,1.222198161,60.613431000,49.593783508
0xAA,19,1.226268945,60.872037000,49.640037977
0x00,20,1.222173614,60.658475000,49.631635232
0xAA,20,1.271063121,63.016440000,49.577742410
0x00,21,1.226170287,60.831937000,49.611328577
0xAA,21,1.222277173,60.745389000,49.698538385
0x00,22,1.222742389,60.895535000,49.802424082
0xAA,22,1.275210993,63.471578000,49.773393069
0x00,23,1.222050393,60.746121000,49.708360104
0xAA,23,1.222252191,60.880643000,49.810213840
0x00,24,1.226185659,60.912747000,49.676610188
0xAA,24,1.270990199,63.007102000,49.573239864
0x00,25,1.226229697,60.891018000,49.657105964
0xAA,25,1.222243748,60.699003000,49.661945990
0x00,26,1.222015524,60.720730000,49.689000514
0xAA,26,1.275376774,63.534567000,49.816311772
0x00,27,1.222037243,60.780057000,49.736665022
0xAA,27,1.222210769,60.812161000,49.755870708
0x00,28,1.226232778,60.928555000,49.687592840
0xAA,28,1.222187456,60.729398000,49.689102684
0x00,29,1.274989908,63.355916000,49.691307831
0xAA,29,1.222230631,60.740995000,49.696835818
0x00,30,1.222693628,60.762906000,49.695937403
0xAA,30,1.226269719,60.917935000,49.677435605
0x00,31,1.271159740,63.211874000,49.727718721
0xAA,31,1.222076914,60.799649000,49.751082197
0x00,32,1.226219816,60.973233000,49.724553628
0xAA,32,1.222186478,60.729092000,49.688892074
0x00,33,1.275002899,63.405294000,49.729529282
0xAA,33,1.222215955,60.803922000,49.748918553
0x00,34,1.222233001,60.882168000,49.812243615
0xAA,34,1.222266325,60.880887000,49.809837475
0x00,35,1.275153868,63.336019000,49.669314888
0xAA,35,1.222028227,60.903226000,49.837822609
0x00,36,1.226213994,61.220485000,49.926428258
0xAA,36,1.222184573,60.799649000,49.746699756
0x00,37,1.222214188,60.686979000,49.653309212
0xAA,37,1.274976186,63.342367000,49.681215771
0x00,38,1.222726775,60.861172000,49.774956470
0xAA,38,1.222454924,60.804044000,49.739293291
0x00,39,1.226022348,60.984219000,49.741523146
0xAA,39,1.271208334,63.267782000,49.769798001
0x00,40,1.226043146,61.021694000,49.771245163
0xAA,40,1.222217945,60.747892000,49.702994665
0x00,41,1.222208275,60.702542000,49.666282942
0xAA,41,1.275006182,63.408895000,49.732225534
0x00,42,1.222212606,60.657255000,49.629053654
0xAA,42,1.222204324,60.732266000,49.690763490
0x00,43,1.226249070,61.053616000,49.788919310
0xAA,43,1.271194776,63.296774000,49.793135714
0x00,44,1.225984485,60.850003000,49.633583250
0xAA,44,1.222264419,60.699063000,49.661155194
0x00,45,1.222222106,60.672879000,49.641451175
0xAA,45,1.222279803,60.872769000,49.802646539
0x00,46,1.275517257,63.442587000,49.738713178
0xAA,46,1.222233442,60.781156000,49.729580219
0x00,47,1.226450919,61.061978000,49.787543108
0xAA,47,1.222052568,60.827175000,49.774597749
0x00,48,1.275168656,63.346030000,49.676589604
0xAA,48,1.222054325,60.746365000,49.708399829
0x00,49,1.222222206,60.793851000,49.740424206
0xAA,49,1.222235219,60.837613000,49.775699517
0x00,50,1.275014915,63.522420000,49.820923075
0xAA,50,1.222286928,60.862515000,49.793967035
0x00,51,1.226189005,60.912808000,49.676524379
0xAA,51,1.222086950,60.728177000,49.692190069
0x00,52,1.271251031,63.415182000,49.884075178
0xAA,52,1.226089558,61.070278000,49.808986302
0x00,53,1.222187154,60.779080000,49.729765037
0xAA,53,1.222260143,61.013333000,49.918450953
0x00,54,1.226250193,61.112026000,49.836506733
0xAA,54,1.271511343,63.306113000,49.788083566
0x00,55,1.226507441,61.173488000,49.876165407
0xAA,55,1.222207449,61.032559000,49.936333680
0x00,56,1.222118435,60.859768000,49.798584374
0xAA,56,1.275305851,63.412741000,49.723555295
0x00,57,1.222165954,60.846707000,49.785961392
0xAA,57,1.222180081,60.748745000,49.705232432
0x00,58,1.226265000,61.137783000,49.856909396
0xAA,58,1.270975425,63.353659000,49.846486214
0x00,59,1.226487606,61.078091000,49.799191367
0xAA,59,1.222227432,60.915615000,49.839836192
0x00,60,1.222052249,60.956265000,49.880244523
0xAA,60,1.275209645,63.377035000,49.699306501
0x00,61,1.222035426,60.776334000,49.733692418
0xAA,61,1.222197155,60.820889000,49.763566174
0x00,62,1.226201843,60.928006000,49.688398650
0xAA,62,1.222726870,60.691312000,49.636033598
0x00,63,1.270970544,63.095785000,49.643782303
0xAA,63,1.226490090,60.864896000,49.625265215
0x00,64,1.222233752,60.719693000,49.679280171
0xAA,64,1.222077187,60.754544000,49.714162613
0x00,65,1.275147505,63.356222000,49.685406395
0xAA,65,1.222080553,60.673978000,49.648100406
0x00,66,1.226170619,60.946865000,49.705044352
0xAA,66,1.222226439,60.623502000,49.600875963
0x00,67,1.270961965,63.012717000,49.578759031
0xAA,67,1.226456703,60.925931000,49.676381442
0x00,68,1.222230374,60.712613000,49.673624786
0xAA,68,1.222029339,60.639798000,49.622211239
0x00,69,1.275183237,63.324606000,49.659220858
0xAA,69,1.222017802,60.721952000,49.689907873
0x00,70,1.222252890,60.719998000,49.678751833
0xAA,70,1.226731190,61.022549000,49.744026644
0x00,71,1.222246100,60.702908000,49.665045362
0xAA,71,1.275196497,63.363119000,49.688906101
0x00,72,1.222214919,60.803434000,49.748561448
0xAA,72,1.222219923,60.854824000,49.790404210
0x00,73,1.225984730,60.899625000,49.674048550
0xAA,73,1.271206059,63.163595000,49.687927896
0x00,74,1.222030021,60.718839000,49.686863626
0xAA,74,1.226222598,60.974697000,49.725634725
0x00,75,1.222171798,60.716215000,49.678952746
0xAA,75,1.275022375,63.257528000,49.612876794
0x00,76,1.222172956,60.821622000,49.765151243
0xAA,76,1.222230385,60.711819000,49.672974707
0x00,77,1.226020219,60.999173000,49.753806711
0xAA,77,1.271180162,63.090292000,49.631274847
0x00,78,1.222019244,60.697111000,49.669521407
0xAA,78,1.226712884,60.894619000,49.640482133
0x00,79,1.222230117,60.698880000,49.662399213
0xAA,79,1.222175584,60.661466000,49.634002507
0x00,80,1.275291425,63.353293000,49.677502536
0xAA,80,1.222201150,60.683255000,49.650791934
0x00,81,1.222212837,60.660306000,49.631540566
0xAA,81,1.225980829,60.833768000,49.620488805
0x00,82,1.271197250,63.115988000,49.650821696
0xAA,82,1.226013591,60.843777000,49.627326684
0x00,83,1.222218271,60.599638000,49.581682289
0xAA,83,1.222192043,60.600858000,49.583744508
0x00,84,1.275240704,63.281576000,49.623240382
0xAA,84,1.222176450,60.608060000,49.590269883
0x00,85,1.222212155,60.648649000,49.622030637
0xAA,85,1.226007416,60.815457000,49.604477270
0x00,86,1.271151804,63.101828000,49.641457300
0xAA,86,1.226522992,60.843411000,49.606416999
0x00,87,1.222198741,60.627164000,49.604996279
0xAA,87,1.222183352,60.618131000,49.598230004
0x00,88,1.222435665,60.731229000,49.680511408
0xAA,88,1.275025528,63.292135000,49.639896308
0x00,89,1.222263545,60.844571000,49.780238680
0xAA,89,1.226315992,61.145657000,49.861257130
0x00,90,1.222058045,60.844753000,49.788758602
0xAA,90,1.275213070,63.583517000,49.861092625
0x00,91,1.222061981,60.913967000,49.845235305
0xAA,91,1.222210122,60.932828000,49.854625570
0x00,92,1.222513999,60.838833000,49.765346695
0xAA,92,1.275016086,63.278159000,49.629302481
0x00,93,1.222198420,60.688687000,49.655347288
0xAA,93,1.226190117,60.870938000,49.642332911
0x00,94,1.222037963,60.758573000,49.719055250
0xAA,94,1.275153927,63.452535000,49.760686656
0x00,95,1.222583129,60.720853000,49.666032157
0xAA,95,1.222207860,60.894070000,49.823006375
0x00,96,1.222255791,60.838894000,49.775909796
0xAA,96,1.226396495,60.908719000,49.664785612
0x00,97,1.271013346,63.117697000,49.659350312
0xAA,97,1.226185571,60.990079000,49.739680879
0x00,98,1.222228999,60.726407000,49.684966606
0xAA,98,1.222001252,60.655484000,49.636188098
0x00,99,1.275173480,63.298483000,49.639114985
0xAA,99,1.221997952,60.661100000,49.640917892
